customer,state,gender,education,customer_lifetime_value,income,monthly_premium_auto,number_of_open_complaints,policy_type,vehicle_class,total_claim_amount
RB50392,Washington,F,Master,,,1000.0,,Personal Auto,Four-Door Car,2.704934
QZ44356,Arizona,F,Bachelor,697953.59,,94.0,,Personal Auto,Four-Door Car,1131.464935
AI49188,Nevada,F,Bachelor,1288743.17,,108.0,,Personal Auto,Two-Door Car,566.472247
WW63253,California,M,Bachelor,764586.18,,106.0,,Corporate Auto,SUV,529.881344
GA49547,Washington,M,High School or Below,536307.65,,68.0,,Personal Auto,Four-Door Car,17.269323
OC83172,Oregon,F,Bachelor,825629.78,,69.0,,Personal Auto,Two-Door Car,159.383042
XZ87318,Oregon,F,College,538089.86,,67.0,,Corporate Auto,Four-Door Car,321.6
CF85061,Arizona,M,Master,721610.03,,101.0,,Corporate Auto,Four-Door Car,363.02968
DY87989,Oregon,M,Bachelor,2412750.4,,71.0,,Corporate Auto,Four-Door Car,511.2
BQ94931,Oregon,F,College,738817.81,,93.0,,Special Auto,Four-Door Car,425.527834
SX51350,California,M,College,473899.2,,67.0,,Personal Auto,Four-Door Car,482.4
VQ65197,California,F,College,819719.71,,110.0,,Personal Auto,SUV,528.0
DP39365,California,F,Master,879879.7,,110.0,,Corporate Auto,Four-Door Car,472.029737
SJ95423,Arizona,F,High School or Below,881901.89,,110.0,,Corporate Auto,SUV,528.0
IL66569,California,F,College,538443.17,,70.0,,Corporate Auto,Four-Door Car,307.139132
BW63560,Oregon,F,Bachelor,746313.94,,64.0,,Corporate Auto,Four-Door Car,42.920271
FV94802,Nevada,F,High School or Below,256686.78,,67.0,,Personal Auto,Two-Door Car,454.245098
OE15005,California,F,College,394524.16,,101.0,,Personal Auto,SUV,647.442031
WC83389,Oregon,F,College,571033.31,,72.0,,Personal Auto,Four-Door Car,308.981664
FL50705,California,F,High School or Below,816261.71,,101.0,,Corporate Auto,Four-Door Car,484.8
ZK25313,Oregon,F,High School or Below,287205.13,,74.0,,Personal Auto,Two-Door Car,355.2
QK46697,Washington,M,Bachelor,617710.93,,79.0,,Personal Auto,Two-Door Car,20.382876
YH23384,Arizona,F,Bachelor,2412750.4,,71.0,,Personal Auto,Four-Door Car,511.2
TZ98966,Nevada,F,Bachelor,245019.1,,73.0,,Corporate Auto,Four-Door Car,554.376763
HM55802,California,F,Bachelor,239210.79,,61.0,,Corporate Auto,Four-Door Car,439.2
FS42516,Oregon,F,College,580206.6,,72.0,,Personal Auto,Four-Door Car,389.185006
US89481,California,F,Bachelor,394637.21,,111.0,,Personal Auto,Four-Door Car,799.2
HS14476,Washington,M,College,916206.32,,80.0,,Personal Auto,Four-Door Car,20.985105
GE62437,Arizona,F,College,1290256.01,,111.0,,Personal Auto,Four-Door Car,532.8
EJ77678,Oregon,F,Master,323536.05,,80.0,,Personal Auto,Four-Door Car,384.0
SV85652,Arizona,F,College,245458.35,,63.0,,Personal Auto,Four-Door Car,322.294043
UL64533,Nevada,F,High School or Below,1897545.61,,237.0,,Corporate Auto,Luxury,615.927769
PF41800,California,F,Bachelor,471532.13,,65.0,,Personal Auto,Four-Door Car,308.15089
HD95276,Washington,F,College,473787.17,,130.0,,Personal Auto,SUV,23.820158
SK67821,Oregon,F,Bachelor,493291.63,,62.0,,Corporate Auto,Four-Door Car,15.437681
YV55495,Arizona,F,High School or Below,574422.97,,71.0,,Personal Auto,Four-Door Car,204.475147
KY38074,California,F,Bachelor,1389173.57,,117.0,,Personal Auto,Four-Door Car,561.6
DM79012,Oregon,F,Master,738097.67,,91.0,,Personal Auto,Four-Door Car,436.8
CM61827,Oregon,F,Bachelor,309003.41,,90.0,,Personal Auto,Two-Door Car,648.0
WC35801,Arizona,F,High School or Below,252163.31,,66.0,,Personal Auto,Four-Door Car,157.397849
QG25316,Nevada,F,High School or Below,265206.18,,70.0,,Corporate Auto,Two-Door Car,484.318536
MB98372,Oregon,F,College,277104.5,,71.0,,Corporate Auto,Two-Door Car,18.918935
IL19217,California,F,Bachelor,393900.64,,99.0,,Personal Auto,Four-Door Car,882.871945
SR38658,Arizona,F,High School or Below,1223187.97,,103.0,,Personal Auto,Luxury,494.4
YD87931,Washington,M,Doctor,495165.61,,35354.0,,Personal Auto,Four-Door Car,31.707317
HG65722,Oregon,F,Doctor,1281910.29,,172.0,,Personal Auto,SUV,0.517753
BU27331,Arizona,F,Bachelor,446851.05,,73.0,,Personal Auto,Four-Door Car,579.165954
XM45289,Oregon,F,High School or Below,551434.4,,71.0,,Personal Auto,Two-Door Car,447.79344
KP34198,California,F,Bachelor,334387.53,,92.0,,Corporate Auto,Four-Door Car,529.624084
SH90947,Arizona,F,High School or Below,229447.89,,62.0,,Personal Auto,Four-Door Car,313.023175
WE95729,Oregon,F,College,3670742.64,,104.0,,Personal Auto,SUV,593.830288
PY51963,California,F,Bachelor,3347334.95,,106.0,,Corporate Auto,SUV,508.8
RB69909,Nevada,F,High School or Below,798343.17,,69.0,,Special Auto,Four-Door Car,173.956072
NW21079,Washington,F,Master,487938.48,,61.0,,Personal Auto,Two-Door Car,33.192803
FR46645,California,F,Bachelor,429399.73,,113.0,,Personal Auto,Four-Door Car,831.625979
SY17488,Arizona,F,College,716439.55,,91.0,,Corporate Auto,Four-Door Car,436.8
AP67935,California,F,College,761951.58,,64.0,,Special Auto,Four-Door Car,302.56519
FS37417,Arizona,F,High School or Below,395800.28,,101.0,,Personal Auto,SUV,484.8
ML29312,Oregon,F,High School or Below,449949.33,,124.0,,Personal Auto,SUV,704.768111
UB61619,Oregon,F,Master,405956.74,,108.0,,Personal Auto,Four-Door Car,518.4
CD86811,Arizona,F,Bachelor,445811.34,,65.0,,Personal Auto,Four-Door Car,312.0
RU83859,California,F,Bachelor,811033.31,,105.0,,Personal Auto,Two-Door Car,504.0
FG63582,Oregon,F,Bachelor,333976.49,,94.0,,Personal Auto,Two-Door Car,863.327324
NN71951,California,F,High School or Below,2426101.78,,100.0,,Personal Auto,SUV,104.331355
WB37082,Arizona,F,Bachelor,661397.37,,63.0,,Personal Auto,Four-Door Car,676.391482
SM52139,Washington,F,College,293069.35,,73.0,,Personal Auto,Four-Door Car,350.4
FL82372,Oregon,F,College,867219.43,,112.0,,Corporate Auto,SUV,537.6
DP45816,Arizona,F,High School or Below,1163866.93,,97.0,,Personal Auto,Two-Door Car,465.258644
GW33762,Oregon,F,Bachelor,684615.03,,95.0,,Personal Auto,Two-Door Car,456.0
RZ33670,California,F,College,1172777.65,,102.0,,Personal Auto,Four-Door Car,500.254235
PY70169,Oregon,F,High School or Below,2264383.48,,113.0,,Personal Auto,SUV,281.451042
MO91628,Oregon,F,Master,261447.43,,65.0,,Personal Auto,Two-Door Car,5.434505
HW87852,Oregon,F,Master,245175.27,,64.0,,Personal Auto,Four-Door Car,307.2
HB20453,Oregon,F,Bachelor,678127.02,,104.0,,Personal Auto,Luxury,982.399613
BN87372,Oregon,F,Bachelor,497480.15,,65.0,,Personal Auto,Two-Door Car,467.803638
YX23800,Oregon,F,Bachelor,859160.49,,73.0,,Personal Auto,Four-Door Car,350.4
DZ87709,Oregon,F,High School or Below,559216.14,,71.0,,Personal Auto,Four-Door Car,29.03416
XW13033,Nevada,F,College,800947.28,,67.0,,Personal Auto,Four-Door Car,321.6
SP81997,Washington,F,Master,,,96.0,,Personal Auto,Four-Door Car,41.122303
OM82309,California,F,Bachelor,5816655.35,,186.0,,Personal Auto,Luxury,427.63121
ZU35962,California,F,College,802522.94,,77.0,,Personal Auto,Two-Door Car,25.807685
VH85817,California,F,High School or Below,578018.22,,74.0,,Personal Auto,Four-Door Car,787.993313
DT85712,California,F,Doctor,411853.91,,102.0,,Personal Auto,SUV,489.6
YJ88573,Nevada,F,Master,252307.02,,63.0,,Personal Auto,Four-Door Car,302.4
SQ19467,Oregon,F,College,655421.64,,90.0,,Personal Auto,Four-Door Car,475.623251
YB66933,Washington,F,Bachelor,538275.2,,68.0,,Corporate Auto,Four-Door Car,45.215059
ET79815,California,F,College,592672.94,,96.0,,Personal Auto,Four-Door Car,460.8
QC35222,California,F,Bachelor,268347.07,,69.0,,Corporate Auto,Four-Door Car,282.151207
CJ15590,Oregon,F,Bachelor,269518.24,,67.0,,Personal Auto,Four-Door Car,321.6
OI48267,California,F,College,604702.52,,76.0,,Personal Auto,Four-Door Car,364.8
JY67916,Oregon,F,College,1317101.28,,119.0,,Personal Auto,Two-Door Car,679.827592
OW15518,Washington,F,College,1595001.95,,87.0,,Personal Auto,Two-Door Car,46.041452
CZ33664,Oregon,F,Bachelor,252765.38,,63.0,,Corporate Auto,Four-Door Car,11.879037
WK30175,Oregon,F,Bachelor,267209.58,,67.0,,Corporate Auto,Two-Door Car,350.529033
ON44465,California,F,High School or Below,531329.4,,77.0,,Personal Auto,Four-Door Car,863.3947
TV87155,Oregon,F,Bachelor,2094619.25,,74.0,,Personal Auto,Four-Door Car,492.127532
KH48895,Arizona,F,Master,837535.39,,109.0,,Personal Auto,SUV,132.588288
NZ30757,California,F,Bachelor,480166.15,,62.0,,Personal Auto,Four-Door Car,297.6
RI22468,Arizona,F,Bachelor,574594.33,,74.0,,Personal Auto,Four-Door Car,269.905129
FZ30935,Oregon,F,College,606611.6,,76.0,,Personal Auto,Two-Door Car,380.036697
UG93476,California,F,College,800230.83,,107.0,,Personal Auto,SUV,513.6
AB96670,California,F,College,239391.54,,70.0,,Personal Auto,Four-Door Car,425.266308
XK64261,Oregon,F,Bachelor,476281.79,,62.0,,Corporate Auto,Two-Door Car,49.011099
EV68375,California,F,College,433038.6,,107.0,,Personal Auto,Four-Door Car,513.6
UN51653,California,F,High School or Below,940272.98,,130.0,,Personal Auto,SUV,936.0
TO96662,Oregon,F,Bachelor,696669.45,,88.0,,Personal Auto,Four-Door Car,142.062768
MR52087,California,F,Bachelor,769406.43,,65.0,,Personal Auto,Four-Door Car,45.152521
DE75225,Oregon,F,High School or Below,871756.11,,117.0,,Personal Auto,SUV,561.6
EP80820,California,F,Bachelor,592874.85,,74.0,,Personal Auto,Two-Door Car,30.567357
GU99037,Oregon,F,College,245297.73,,62.0,,Corporate Auto,Four-Door Car,271.606799
WI57118,California,F,College,670157.17,,85.0,,Personal Auto,Four-Door Car,408.0
GP39118,Washington,M,High School or Below,499655.27,,63.0,,Personal Auto,Two-Door Car,46.158117
MQ14219,Arizona,F,College,849269.88,,109.0,,Personal Auto,SUV,784.8
KN20603,Oregon,F,Bachelor,771349.4,,66.0,,Personal Auto,Four-Door Car,316.8
SG20925,Washington,F,Master,518579.76,,6464.0,,Personal Auto,Four-Door Car,48.046869
JI70886,California,F,High School or Below,729006.98,,102.0,,Corporate Auto,SUV,489.6
VF72557,Oregon,F,High School or Below,477294.38,,133.0,,Personal Auto,SUV,638.4
OX28638,Arizona,F,High School or Below,680649.14,,86.0,,Personal Auto,Two-Door Car,465.633954
SK55033,California,F,Bachelor,246978.13,,62.0,,Personal Auto,Two-Door Car,368.400146
OO88645,California,F,College,310392.3,,78.0,,Corporate Auto,Four-Door Car,236.902001
FM14335,Washington,F,College,1048491.54,,89.0,,Personal Auto,Four-Door Car,49.451117
CW82151,California,F,Bachelor,890273.76,,112.0,,Personal Auto,Luxury,64.109663
DY22043,Oregon,F,High School or Below,549944.72,,68.0,,Personal Auto,Two-Door Car,326.4
SH36774,California,F,High School or Below,1502359.86,,192.0,,Personal Auto,Luxury,921.6
EM43724,Nevada,F,Bachelor,250910.79,,63.0,,Personal Auto,Four-Door Car,101.89645
FH85960,Oregon,F,College,3122174.81,,113.0,,Personal Auto,Four-Door Car,542.4
XA55993,Oregon,F,Master,313350.34,,78.0,,Personal Auto,Four-Door Car,143.747794
GO36627,Arizona,F,College,383745.19,,97.0,,Special Auto,Four-Door Car,424.077159
QH48047,Oregon,F,College,1179049.62,,66.0,,Personal Auto,Four-Door Car,316.8
HS28694,Washington,F,High School or Below,282986.39,,71.0,,Personal Auto,Two-Door Car,50.422181
UH65059,Arizona,F,High School or Below,430580.83,,109.0,,Personal Auto,Luxury,523.2
FV21968,Nevada,F,Bachelor,597397.69,,74.0,,Special Auto,Four-Door Car,113.801497
QA87025,Oregon,F,Bachelor,567044.24,,72.0,,Personal Auto,Four-Door Car,192.87572
TQ13499,Arizona,F,College,473174.93,,118.0,,Personal Auto,Four-Door Car,828.662719
BU44523,Arizona,F,High School or Below,802637.96,,74.0,,Corporate Auto,Four-Door Car,532.8
MS41162,Arizona,F,High School or Below,402296.35,,117.0,,Personal Auto,SUV,975.107098
PU25891,Oregon,F,High School or Below,961831.09,,119.0,,Special Auto,Luxury,53.798708
LH92841,Washington,F,Bachelor,725595.38,,89.0,,Personal Auto,Four-Door Car,50.528355
SX26335,Oregon,F,College,955292.69,,79.0,,Personal Auto,Four-Door Car,289.9122
AZ95587,Arizona,F,Bachelor,1038855.32,,89.0,,Special Auto,Four-Door Car,392.604371
DS81757,Oregon,M,College,247012.12,,74.0,,Personal Auto,Two-Door Car,721.242206
OJ94107,Arizona,M,Master,561906.85,,140.0,,Personal Auto,SUV,456.52385
LP84436,California,F,High School or Below,904711.92,,127.0,,Personal Auto,Luxury,1087.995426
FF22360,Washington,F,Doctor,268731.41,,68.0,,Personal Auto,Four-Door Car,51.961915
LM19287,Oregon,F,High School or Below,373150.46,,96.0,,Personal Auto,Four-Door Car,460.8
ZU18643,Nevada,M,Bachelor,366077.03,,92.0,,Corporate Auto,Four-Door Car,251.992083
AZ82578,California,F,College,792882.93,,72.0,,Corporate Auto,Four-Door Car,345.6
XC67861,Arizona,F,Bachelor,501175.16,,67.0,,Corporate Auto,Two-Door Car,321.6
YC43143,Arizona,F,High School or Below,798825.83,,99.0,,Personal Auto,Four-Door Car,99.257608
EK59571,Oregon,M,College,388545.64,,105.0,,Corporate Auto,Four-Door Car,504.0
PA38372,Washington,F,High School or Below,935773.78,,117.0,,Personal Auto,Four-Door Car,56.731578
RO18530,Washington,M,Master,254068.98,,65.0,,Personal Auto,Four-Door Car,57.562324
PD27940,Arizona,M,High School or Below,488516.25,,126.0,,Personal Auto,SUV,604.8
BS77946,Arizona,F,Bachelor,975330.71,,127.0,,Personal Auto,SUV,8.312729
YM50253,California,Femal,Bachelor,294615.37,,74.0,,Personal Auto,Four-Door Car,316.599228
NR15332,California,M,High School or Below,258111.09,,65.0,,Personal Auto,Four-Door Car,312.0
RC62865,Oregon,M,College,351738.58,,92.0,,Personal Auto,Four-Door Car,56.300724
CC15295,Oregon,F,Bachelor,974335.01,,82.0,,Personal Auto,Four-Door Car,393.6
KA61892,Arizona,M,College,387364.7,,105.0,,Personal Auto,Luxury,701.708239
OS94884,Arizona,F,Bachelor,764928.2,,64.0,,Personal Auto,Two-Door Car,128.705563
ND87334,California,M,High School or Below,228759.69,,63.0,,Corporate Auto,Two-Door Car,679.368378
OY51402,Washington,F,High School or Below,825576.39,,103.0,,Personal Auto,SUV,59.987126
YL74911,California,F,College,871492.21,,118.0,,Personal Auto,SUV,566.4
GK92563,Washington,F,Doctor,681923.12,,85.0,,Personal Auto,Two-Door Car,61.654262
HL53154,California,M,Bachelor,741619.73,,77.0,,Personal Auto,Four-Door Car,554.4
RI78966,Oregon,M,Master,777115.9,,68.0,,Personal Auto,Four-Door Car,465.41477
IC13702,California,F,Bachelor,696834.19,,69.0,,Personal Auto,Four-Door Car,496.8
BE10809,California,F,High School or Below,425028.26,,61.0,,Personal Auto,Four-Door Car,292.8
HT87217,Oregon,F,High School or Below,1977656.65,,82.0,,Personal Auto,Four-Door Car,256.813837
TH95618,California,F,High School or Below,2134346.6,,74.0,,Personal Auto,Four-Door Car,355.2
TS19868,California,M,College,241313.97,,63.0,,Personal Auto,Four-Door Car,542.319401
LP45550,Oregon,F,Doctor,1536384.72,,101.0,,Personal Auto,Four-Door Car,303.148399
QR87004,Nevada,F,College,845696.19,,73.0,,Personal Auto,Four-Door Car,25.438063
OE75747,Nevada,F,College,218964.25,,61.0,,Personal Auto,Four-Door Car,292.8
DX91392,California,M,High School or Below,578018.22,,74.0,,Personal Auto,Four-Door Car,787.993313
AB72731,California,F,Bachelor,463998.16,,117.0,,Personal Auto,Luxury,84.024413
GX84338,Washington,F,Doctor,382443.13,,95.0,,Personal Auto,Four-Door Car,61.693771
IS12901,Arizona,F,Bachelor,596811.89,,74.0,,Personal Auto,Two-Door Car,232.926145
BN90616,Washington,F,Bachelor,859033.5,,72.0,,Personal Auto,Four-Door Car,68.179721
HH90090,California,F,Bachelor,407663.47,,104.0,,Personal Auto,Luxury,710.433775
IU25463,California,F,Bachelor,1225260.18,,115.0,,Personal Auto,Four-Door Car,552.0
KC11055,Nevada,F,Bachelor,1693627.15,,217.0,,Personal Auto,Luxury,1122.658899
PD33979,Oregon,M,High School or Below,489243.55,,62.0,,Personal Auto,Four-Door Car,408.374746
NK71023,Nevada,M,Bachelor,994230.48,,85.0,,Personal Auto,Four-Door Car,408.0
AB13432,California,M,Bachelor,373583.81,,110.0,,Personal Auto,SUV,792.0
OZ97704,California,F,High School or Below,1311752.22,,111.0,,Personal Auto,SUV,532.8
UF46533,California,F,College,457452.41,,114.0,,Corporate Auto,SUV,754.358929
XP47431,Arizona,F,Bachelor,547006.06,,138.0,,Personal Auto,SUV,702.990032
GK73582,California,F,Bachelor,297884.6,,76.0,,Personal Auto,Four-Door Car,206.837111
RV98763,Oregon,M,College,641096.75,,82.0,,Personal Auto,Four-Door Car,275.395894
II62831,California,M,Master,447902.31,,111.0,,Special Auto,SUV,459.738128
XK33449,California,F,High School or Below,238373.19,,69.0,,Special Auto,Two-Door Car,496.8
TR85083,California,M,Bachelor,276449.37,,70.0,,Personal Auto,Two-Door Car,336.0
EO95328,Oregon,F,Bachelor,792010.54,,67.0,,Personal Auto,Two-Door Car,321.6
EN21086,Arizona,F,High School or Below,688909.8,,63.0,,Personal Auto,Four-Door Car,302.4
YL83902,Washington,F,Bachelor,327419.46,,81.0,,Personal Auto,Four-Door Car,430.994107
AZ62651,Oregon,M,High School or Below,995170.77,,255.0,,Corporate Auto,Luxury,1836.0
ZW25874,Oregon,M,Bachelor,252155.57,,67.0,,Special Auto,Four-Door Car,67.632476
EH41854,Washington,F,High School or Below,2370611.34,,96.0,,Personal Auto,Two-Door Car,844.481918
MW70227,California,M,College,604702.52,,76.0,,Personal Auto,Four-Door Car,364.8
SL22297,California,F,Master,1114030.25,,150.0,,Personal Auto,SUV,722.486994
RV14138,Nevada,F,Bachelor,433406.41,,123.0,,Personal Auto,SUV,590.4
UO62808,Arizona,F,High School or Below,279974.79,,69.0,,Corporate Auto,Four-Door Car,481.027516
ZX64745,California,M,College,792313.66,,113.0,,Personal Auto,SUV,1124.427734
FL34139,California,M,High School or Below,368811.09,,63.0,,Personal Auto,Four-Door Car,669.682001
TS11219,California,M,College,1206745.6,,116.0,,Personal Auto,SUV,1284.093173
XX12304,California,F,College,292497.67,,72.0,,Personal Auto,Four-Door Car,240.259479
SD64087,California,M,College,1501409.27,,190.0,,Corporate Auto,SUV,912.0
OY38576,Oregon,F,High School or Below,927723.38,,116.0,,Corporate Auto,SUV,556.8
BG76355,Washington,F,Bachelor,627412.39,,78.0,,Personal Auto,Four-Door Car,115.086827
IP66913,California,M,High School or Below,388664.74,,98.0,,Personal Auto,Two-Door Car,470.4
LE95702,California,M,College,438627.76,,67.0,,Special Auto,Four-Door Car,321.6
KX54357,Washington,M,College,1136526.77,,95.0,,Corporate Auto,Two-Door Car,383.167471
EZ78112,California,Femal,High School or Below,561096.43,,70.0,,Special Auto,Four-Door Car,307.963291
XN16891,Arizona,M,College,291289.2,,74.0,,Personal Auto,Four-Door Car,355.2
XK31350,Oregon,Femal,College,691572.99,,85.0,,Corporate Auto,Four-Door Car,520.364752
CC30924,Oregon,M,College,626266.33,,159.0,,Corporate Auto,Luxury,466.436375
IT78748,Oregon,Femal,High School or Below,650339.7,,84.0,,Special Auto,Two-Door Car,451.670309
KY33386,Washington,Femal,High School or Below,800739.94,,112.0,,Personal Auto,Luxury,537.6
CO44221,California,M,College,292991.65,,72.0,,Personal Auto,Four-Door Car,345.6
LK60013,Oregon,Femal,Bachelor,596955.3,,74.0,,Personal Auto,Four-Door Car,355.2
DE21533,California,M,Bachelor,547315.99,,69.0,,Personal Auto,Four-Door Car,331.2
YS94121,Nevada,M,High School or Below,564539.67,,72.0,,Personal Auto,Four-Door Car,428.734656
UK68427,Washington,M,High School or Below,636926.24,,83.0,,Personal Auto,Two-Door Car,398.4
TE49565,Oregon,Femal,College,1183376.73,,103.0,,Personal Auto,SUV,494.4
RA88421,Oregon,Femal,College,612110.79,,77.0,,Personal Auto,Four-Door Car,369.6
KQ51983,Nevada,M,College,515936.97,,74.0,,Personal Auto,Two-Door Car,831.752839
CD88896,Nevada,Femal,High School or Below,251459.2,,65.0,,Corporate Auto,Four-Door Car,156.124914
YV22553,Arizona,M,High School or Below,866861.13,,114.0,,Corporate Auto,SUV,373.428187
WU14435,California,M,Bachelor,496096.54,,66.0,,Corporate Auto,Four-Door Car,395.934815
XV84099,Arizona,Femal,Bachelor,550413.9,,73.0,,Corporate Auto,Four-Door Car,350.4
RI24911,Arizona,M,College,750745.54,,64.0,,Personal Auto,Two-Door Car,231.201886
KO26461,Arizona,M,High School or Below,3226985.14,,90.0,,Personal Auto,Four-Door Car,289.904105
HI14283,Oregon,Femal,Bachelor,565703.16,,152.0,,Personal Auto,SUV,729.6
PT50227,Arizona,M,High School or Below,506175.79,,68.0,,Personal Auto,Two-Door Car,326.4
BH36570,California,M,Bachelor,591278.38,,73.0,,Personal Auto,Two-Door Car,350.4
TX17484,California,Femal,Bachelor,1518227.98,,63.0,,Personal Auto,Four-Door Car,105.765111
CT41158,Washington,M,College,1074703.09,,136.0,,Corporate Auto,SUV,639.464548
AO87348,Washington,M,College,205062.35,,61.0,,Personal Auto,Four-Door Car,292.8
DE55857,Washington,Femal,Bachelor,246544.49,,63.0,,Personal Auto,Four-Door Car,383.442328
LF66923,Nevada,Femal,High School or Below,534312.13,,66.0,,Corporate Auto,Two-Door Car,316.8
CN24514,Arizona,Femal,College,811982.91,,67.0,,Personal Auto,Four-Door Car,99.085943
UW32074,Oregon,Femal,College,460526.52,,64.0,,Corporate Auto,Four-Door Car,307.2
HP36979,California,M,College,640878.56,,84.0,,Personal Auto,Two-Door Car,566.935022
PP40919,California,Femal,College,237653.35,,91.0,,Personal Auto,Two-Door Car,436.8
RO73268,California,M,Bachelor,321107.0,,86.0,,Corporate Auto,Two-Door Car,412.8
HO61691,Arizona,F,Bachelor,509452.23,,64.0,,Personal Auto,Four-Door Car,307.2
BS13062,Arizona,F,High School or Below,2575527.82,,81.0,,Personal Auto,Four-Door Car,388.8
FO35655,Oregon,M,Bachelor,867222.97,,245.0,,Corporate Auto,Luxury,2345.413441
HR10526,California,M,Master,804473.07,,67.0,,Personal Auto,Four-Door Car,321.6
IA63417,Arizona,F,High School or Below,400151.91,,108.0,,Personal Auto,Two-Door Car,773.470977
BH35016,Nevada,F,Bachelor,1670611.7,,70.0,,Personal Auto,Two-Door Car,424.883448
PK52952,Arizona,M,Doctor,854441.11,,109.0,,Personal Auto,SUV,523.2
OD76309,Washington,F,College,780531.29,,106.0,,Personal Auto,SUV,508.8
IL28481,Oregon,M,Bachelor,611275.69,,77.0,,Personal Auto,Four-Door Car,364.240307
GY55092,Nevada,M,High School or Below,477294.38,,133.0,,Personal Auto,SUV,638.4
UF33451,Oregon,F,Bachelor,1097909.56,,135.0,,Personal Auto,SUV,354.729129
CF15558,California,F,Master,500426.38,,63.0,,Personal Auto,Two-Door Car,283.995953
JM62924,Washington,M,Bachelor,1322304.38,,84.0,,Personal Auto,Four-Door Car,403.2
EM66435,Oregon,F,Bachelor,262331.54,,65.0,,Corporate Auto,Four-Door Car,20.543176
QX45933,California,M,Bachelor,1784019.56,,62.0,,Personal Auto,Four-Door Car,385.115437
JI71369,California,F,College,510611.18,,64.0,,Personal Auto,Four-Door Car,140.165035
JU93290,Arizona,F,College,1793060.45,,68.0,,Personal Auto,Four-Door Car,326.4
GU66096,Arizona,M,High School or Below,545734.26,,67.0,,Personal Auto,Four-Door Car,321.6
UC33108,California,M,Bachelor,656364.41,,83.0,,Personal Auto,Four-Door Car,398.4
LW93867,Oregon,M,College,481252.52,,63.0,,Corporate Auto,Four-Door Car,102.879769
OU78470,Arizona,F,Master,2932804.19,,94.0,,Corporate Auto,Four-Door Car,56.868289
XW90265,Arizona,F,Bachelor,577352.07,,72.0,,Personal Auto,Two-Door Car,463.158502
HS67749,California,M,College,684711.89,,86.0,,Corporate Auto,Four-Door Car,205.444066
VZ51506,Arizona,F,High School or Below,359531.29,,103.0,,Corporate Auto,Luxury,741.6
UI64281,Nevada,F,Master,2285561.21,,65.0,,Personal Auto,Two-Door Car,56.371967
AE98193,Washington,M,High School or Below,785941.46,,113.0,,Personal Auto,SUV,813.6
AZ74055,Oregon,M,High School or Below,411557.74,,103.0,,Personal Auto,Four-Door Car,494.4
XS76911,Arizona,F,High School or Below,502963.88,,133.0,,Personal Auto,Luxury,795.864079
AY40674,Washington,F,Bachelor,482141.85,,1005.0,,Personal Auto,SUV,614.4
NA12740,Oregon,M,Master,500431.05,,65.0,,Special Auto,Two-Door Car,72.438681
UA84837,Arizona,M,College,863005.39,,111.0,,Corporate Auto,Four-Door Car,532.8
DJ51510,Arizona,F,High School or Below,932208.51,,116.0,,Personal Auto,Four-Door Car,67.881546
VM58985,California,M,College,1672756.06,,76.0,,Personal Auto,Two-Door Car,402.636829
OH60605,Oregon,F,High School or Below,365253.24,,92.0,,Personal Auto,Two-Door Car,641.388616
UO98052,Nevada,M,College,615860.12,,89.0,,Personal Auto,Four-Door Car,342.481173
NC53424,California,M,Bachelor,437608.4,,69.0,,Personal Auto,Two-Door Car,331.2
LQ13873,Nevada,M,High School or Below,556945.62,,71.0,,Personal Auto,Four-Door Car,340.8
LA97014,Washington,M,Bachelor,257651.3,,66.0,,Personal Auto,Two-Door Car,412.101933
NB79936,Washington,M,Bachelor,834698.32,,108.0,,Personal Auto,Two-Door Car,73.700573
NT89061,Arizona,F,High School or Below,632392.39,,78.0,,Personal Auto,Four-Door Car,374.4
AF10970,Arizona,F,Bachelor,597314.34,,73.0,,Corporate Auto,Four-Door Car,350.4
ZG48513,California,M,Bachelor,470667.7,,72.0,,Personal Auto,Four-Door Car,345.6
JQ59145,California,M,High School or Below,809341.03,,114.0,,Personal Auto,Luxury,722.024742
FE84989,Washington,M,College,503574.46,,63.0,,Personal Auto,Four-Door Car,259.361117
JT52858,Oregon,F,Bachelor,902786.72,,112.0,,Personal Auto,Four-Door Car,537.6
MC62068,California,M,High School or Below,728888.48,,91.0,,Personal Auto,Four-Door Car,396.295614
EU27538,Oregon,M,Master,1804247.94,,225.0,,Personal Auto,Luxury,358.281562
RH42306,Arizona,F,Bachelor,499206.3,,71.0,,Corporate Auto,Four-Door Car,653.388564
US23612,Oregon,F,High School or Below,910226.78,,118.0,,Personal Auto,Two-Door Car,121.032372
WV76014,Arizona,M,Doctor,254040.77,,64.0,,Special Auto,Four-Door Car,92.813396
RK96223,California,M,College,1294189.19,,110.0,,Personal Auto,SUV,528.0
MF82000,Washington,female,Bachelor,236534.86,,66.0,,Special Auto,Four-Door Car,159.636956
FM46980,Arizona,M,College,572076.51,,72.0,,Personal Auto,Four-Door Car,476.156957
SY56792,Oregon,M,High School or Below,703553.41,,101.0,,Corporate Auto,Four-Door Car,727.2
RF61565,California,M,College,263697.77,,67.0,,Personal Auto,Four-Door Car,321.6
IM94808,Nevada,M,Bachelor,539583.2,,68.0,,Corporate Auto,Four-Door Car,42.078345
VI14730,Oregon,M,High School or Below,838263.01,,117.0,,Personal Auto,Luxury,561.6
YR34119,Washington,F,College,3116174.52,,112.0,,Personal Auto,SUV,200.11606
RR77985,Oregon,F,Bachelor,288774.23,,80.0,,Personal Auto,Four-Door Car,676.944023
QD28391,Washington,M,College,742584.53,,62.0,,Personal Auto,Four-Door Car,76.609295
WV17090,California,M,Bachelor,2558572.78,,116.0,,Corporate Auto,SUV,830.623064
TM23514,Oregon,M,College,1027260.82,,132.0,,Personal Auto,SUV,580.473259
MQ68407,Oregon,F,Bachelor,437636.36,,111.0,,Personal Auto,Four-Door Car,60.036683
GJ59592,California,F,Bachelor,531889.66,,67.0,,Corporate Auto,Four-Door Car,321.6
FY56083,Oregon,M,Bachelor,471976.22,,61.0,,Personal Auto,Four-Door Car,47.53101
UA94723,Oregon,F,High School or Below,442803.16,,110.0,,Personal Auto,SUV,303.872752
FW91032,California,M,High School or Below,587917.61,,73.0,,Corporate Auto,Four-Door Car,100.620067
DE34457,Oregon,F,Doctor,941690.85,,116.0,,Personal Auto,SUV,481.339891
HD32044,Oregon,F,Master,828815.56,,106.0,,Corporate Auto,Four-Door Car,508.8
HH30454,Oregon,M,Bachelor,3265483.83,,153.0,,Personal Auto,SUV,1101.6
AH84063,Oregon,F,College,471945.01,,121.0,,Corporate Auto,SUV,86.320022
QA17596,California,F,Bachelor,390347.48,,98.0,,Personal Auto,Two-Door Car,470.4
XI41052,California,F,Bachelor,545725.97,,139.0,,Personal Auto,SUV,667.2
DI30528,California,F,Master,272535.64,,69.0,,Personal Auto,Four-Door Car,56.60333
SC66359,Arizona,F,College,443397.37,,110.0,,Corporate Auto,SUV,262.865172
EN61670,Arizona,F,Doctor,533246.27,,66.0,,Personal Auto,Four-Door Car,309.577946
DQ10761,Oregon,M,Bachelor,231509.5,,73.0,,Corporate Auto,Four-Door Car,350.4
BQ51587,California,F,College,541195.37,,73.0,,Personal Auto,Four-Door Car,365.364581
JE21522,California,M,Bachelor,958733.23,,80.0,,Personal Auto,Four-Door Car,384.0
WS47147,California,M,College,2210350.72,,102.0,,Personal Auto,SUV,489.6
ZA64638,Nevada,F,High School or Below,976494.53,,98.0,,Personal Auto,Four-Door Car,705.6
EW38459,Nevada,F,Bachelor,256715.15,,65.0,,Corporate Auto,Four-Door Car,9.51528
QW87316,Oregon,F,College,265062.28,,68.0,,Personal Auto,Four-Door Car,244.564334
IC43478,California,M,Bachelor,1126436.33,,98.0,,Personal Auto,Two-Door Car,639.105556
TE34064,California,M,High School or Below,216852.35,,63.0,,Personal Auto,Four-Door Car,453.6
WU60905,California,F,High School or Below,861066.75,,111.0,,Corporate Auto,SUV,532.8
YM18992,California,F,College,283464.62,,71.0,,Personal Auto,Two-Door Car,511.2
PD55753,Oregon,M,High School or Below,893013.97,,82.0,,Personal Auto,Four-Door Car,554.522969
KU56006,Arizona,F,College,553638.7,,70.0,,Personal Auto,Four-Door Car,336.0
MJ69973,Arizona,M,High School or Below,284085.43,,74.0,,Personal Auto,Two-Door Car,402.449823
TW43626,California,M,College,808288.1,,67.0,,Personal Auto,Four-Door Car,327.020539
XX84133,California,M,Bachelor,525473.43,,67.0,,Corporate Auto,Four-Door Car,5.3953
ZW84453,Arizona,F,Bachelor,511623.76,,70.0,,Personal Auto,Four-Door Car,131.401291
HO29524,California,M,College,303464.7,,76.0,,Personal Auto,Two-Door Car,99.382943
VE89726,California,female,High School or Below,802489.99,,119.0,,Personal Auto,SUV,856.8
GE87503,California,M,High School or Below,1821114.32,,154.0,,Personal Auto,SUV,739.2
PX90263,Oregon,M,High School or Below,512156.33,,72.0,,Personal Auto,Four-Door Car,518.4
NI17718,California,female,High School or Below,215017.86,,61.0,,Personal Auto,Four-Door Car,292.8
FY32213,California,female,High School or Below,559538.99,,71.0,,Personal Auto,Four-Door Car,340.8
RZ13254,Nevada,female,Bachelor,756282.4,,73.0,,Personal Auto,Four-Door Car,350.4
GN45013,Oregon,M,High School or Below,538585.32,,71.0,,Personal Auto,Four-Door Car,340.8
NM39588,Washington,F,Doctor,267805.83,,66.0,,Corporate Auto,Four-Door Car,84.218363
KU84464,Nevada,female,Bachelor,942256.79,,79.0,,Personal Auto,Four-Door Car,64.546877
YH43527,Oregon,female,College,360586.03,,92.0,,Corporate Auto,Four-Door Car,441.6
RO30676,California,female,College,776259.06,,106.0,,Personal Auto,Four-Door Car,37.910623
QL59704,Arizona,female,College,2344490.05,,74.0,,Corporate Auto,Four-Door Car,202.860399
QH19450,California,female,High School or Below,255817.82,,72.0,,Corporate Auto,Four-Door Car,345.6
SA54664,Washington,M,Master,265438.1,,66.0,,Personal Auto,Four-Door Car,85.809817
CI38330,Washington,M,Bachelor,254978.61,,6464.0,,Personal Auto,Four-Door Car,91.146661
WB38524,California,M,High School or Below,296959.33,,74.0,,Personal Auto,Two-Door Car,355.2
CE56187,Oregon,female,Master,436312.46,,109.0,,Personal Auto,SUV,286.234931
JL19416,California,female,High School or Below,588430.86,,161.0,,Personal Auto,SUV,1159.2
JZ61422,Nevada,female,College,527219.16,,66.0,,Personal Auto,Four-Door Car,316.8
LA13377,California,M,Doctor,550989.57,,69.0,,Personal Auto,Four-Door Car,466.570791
NC99948,Nevada,M,College,1631368.35,,69.0,,Personal Auto,Four-Door Car,331.2
QD34785,Arizona,female,Bachelor,567805.02,,76.0,,Personal Auto,Four-Door Car,364.8
RO26085,California,female,Bachelor,1210120.88,,112.0,,Personal Auto,Luxury,1252.406235
ES57969,Oregon,M,Bachelor,245357.08,,69.0,,Personal Auto,Four-Door Car,331.2
JK55587,California,M,High School or Below,507566.27,,65.0,,Special Auto,Four-Door Car,312.0
RN97635,Arizona,M,Bachelor,321497.94,,80.0,,Corporate Auto,Four-Door Car,421.484456
BI76326,California,female,College,1227534.31,,156.0,,Personal Auto,SUV,430.505942
JA34909,California,female,College,272221.07,,71.0,,Corporate Auto,Four-Door Car,398.502948
OJ90342,Oregon,female,Bachelor,245744.09,,62.0,,Personal Auto,Four-Door Car,7.646763
CM88932,Oregon,female,Master,355484.53,,88.0,,Corporate Auto,Four-Door Car,55.510526
JJ97525,California,M,Bachelor,492954.97,,63.0,,Personal Auto,Two-Door Car,351.270869
XV21647,California,female,High School or Below,803645.03,,112.0,,Personal Auto,Luxury,806.4
MC83487,Arizona,M,Bachelor,427691.53,,68.0,,Corporate Auto,Four-Door Car,647.454583
BL90769,California,female,Bachelor,3347334.95,,106.0,,Personal Auto,SUV,508.8
CR57148,Oregon,female,Master,596058.14,,74.0,,Personal Auto,Two-Door Car,128.43823
CP85232,Arizona,M,College,4479546.94,,126.0,,Special Auto,SUV,302.033971
YL74732,California,female,High School or Below,383211.81,,100.0,,Personal Auto,SUV,480.0
FG16766,California,female,Bachelor,683793.26,,171.0,,Personal Auto,SUV,1003.160633
NV55438,Nevada,female,High School or Below,528526.82,,72.0,,Personal Auto,Two-Door Car,518.4
RM10880,California,female,College,309651.12,,79.0,,Corporate Auto,Four-Door Car,379.2
GL56175,Arizona,M,College,358971.07,,90.0,,Personal Auto,Four-Door Car,244.362072
UK52289,Arizona,female,Bachelor,258240.85,,64.0,,Special Auto,Four-Door Car,201.455005
OT85112,Washington,M,College,340391.94,,88.0,,Personal Auto,Four-Door Car,91.55098
BC62782,Arizona,F,College,1357567.6,,115.0,,Personal Auto,SUV,552.0
TI19722,Washington,M,Doctor,343613.43,,88.0,,Corporate Auto,Four-Door Car,91.834668
JP30654,Oregon,F,College,2868582.79,,104.0,,Personal Auto,SUV,707.430832
UM45563,Washington,M,Bachelor,450267.97,,114.0,,Personal Auto,SUV,92.915251
EN60878,Oregon,M,Bachelor,618311.15,,85.0,,Personal Auto,Four-Door Car,376.126419
JF36291,California,M,College,387364.7,,105.0,,Personal Auto,Luxury,701.708239
BK59444,California,F,Master,1892933.06,,68.0,,Personal Auto,Four-Door Car,152.184244
MK70700,California,M,Master,555329.58,,69.0,,Personal Auto,Four-Door Car,176.819414
IW71076,California,M,Bachelor,501125.92,,63.0,,Corporate Auto,Four-Door Car,104.454624
AP98768,California,F,College,1044244.63,,98.0,,Personal Auto,Four-Door Car,941.718054
OM24164,Nevada,M,Bachelor,219961.78,,65.0,,Personal Auto,Two-Door Car,468.0
HR85211,Washington,female,Master,512317.09,,63.0,,Personal Auto,Two-Door Car,94.030308
VC87846,Oregon,M,High School or Below,748431.05,,96.0,,Corporate Auto,Four-Door Car,460.8
ZM92052,Oregon,M,Bachelor,261302.31,,67.0,,Personal Auto,Two-Door Car,67.859881
ON73702,Arizona,F,Bachelor,908063.97,,114.0,,Corporate Auto,SUV,539.843003
QQ90441,Nevada,F,High School or Below,1377097.62,,116.0,,Personal Auto,Four-Door Car,556.8
HU35721,Oregon,M,High School or Below,287682.29,,73.0,,Personal Auto,Four-Door Car,350.4
YP47665,Washington,M,Doctor,540891.15,,67.0,,Personal Auto,Four-Door Car,95.193157
FU99476,Washington,M,High School or Below,677030.68,,85.0,,Personal Auto,Four-Door Car,95.338505
AG85615,Oregon,M,College,2414387.56,,87.0,,Special Auto,Four-Door Car,626.4
OY74069,Arizona,F,College,353805.95,,67.0,,Personal Auto,Four-Door Car,321.6
DJ91267,Nevada,F,Bachelor,2909123.94,,244.0,,Personal Auto,Luxury,494.395024
KB72438,California,F,High School or Below,1983420.12,,123.0,,Personal Auto,SUV,115.545086
TR67616,Oregon,M,High School or Below,473136.7,,61.0,,Corporate Auto,Four-Door Car,19.938981
GF65731,California,F,Master,3553784.6,,113.0,,Personal Auto,Luxury,799.926741
HB67642,Arizona,F,High School or Below,3461137.9,,109.0,,Personal Auto,Luxury,523.2
DP84567,California,M,High School or Below,2021630.88,,183.0,,Personal Auto,Luxury,878.4
VV77534,Oregon,M,College,1397651.93,,176.0,,Personal Auto,SUV,444.470676
GL67540,California,F,College,590408.82,,73.0,,Personal Auto,Four-Door Car,268.819985
SV50502,Oregon,F,Master,559583.5,,69.0,,Corporate Auto,Four-Door Car,331.2
UK59698,California,F,High School or Below,229430.36,,62.0,,Personal Auto,Two-Door Car,297.6
OA57352,Arizona,F,College,627391.19,,86.0,,Personal Auto,Four-Door Car,412.8
ZF84449,Oregon,F,College,372672.8,,112.0,,Special Auto,Luxury,806.4
AX86150,Washington,M,High School or Below,265671.31,,67.0,,Personal Auto,Two-Door Car,101.288069
HG39060,Oregon,M,Bachelor,511068.08,,74.0,,Corporate Auto,Four-Door Car,532.8
EM29359,Nevada,M,College,712659.65,,183.0,,Personal Auto,Luxury,1317.6
SF57173,Oregon,M,Master,460163.41,,114.0,,Personal Auto,SUV,691.412378
OT47603,Oregon,M,College,915523.97,,127.0,,Personal Auto,Luxury,804.811859
SW31412,Oregon,F,College,1480805.62,,62.0,,Personal Auto,Four-Door Car,297.6
JS36322,Arizona,M,High School or Below,890167.84,,136.0,,Personal Auto,Luxury,1090.86434
RE81445,Oregon,F,College,573459.82,,71.0,,Personal Auto,Two-Door Car,50.587035
RM24280,Oregon,F,High School or Below,417769.7,,112.0,,Personal Auto,Four-Door Car,537.6
LC25393,California,M,Bachelor,2777628.91,,230.0,,Personal Auto,Luxury,151.528482
UX38930,Arizona,F,Master,1036434.75,,129.0,,Personal Auto,SUV,347.075948
HD95496,Oregon,M,Master,785190.14,,66.0,,Personal Auto,Two-Door Car,271.697529
RX24650,Oregon,M,High School or Below,477294.38,,133.0,,Corporate Auto,SUV,638.4
DW19309,Oregon,M,High School or Below,1422650.49,,177.0,,Corporate Auto,SUV,849.6
MT41386,Washington,M,Bachelor,287543.24,,72.0,,Personal Auto,Two-Door Car,110.484661
WZ40465,Washington,F,Bachelor,504129.96,,63.0,,Personal Auto,Four-Door Car,113.534474
DB42794,California,M,College,436293.12,,110.0,,Personal Auto,Four-Door Car,528.0
JB50798,Oregon,F,Master,962452.44,,124.0,,Corporate Auto,Luxury,595.2
IP69763,Washington,F,College,2191440.55,,181.0,,Personal Auto,SUV,113.609508
TE35785,California,M,Doctor,694842.22,,196.0,,Personal Auto,Luxury,1337.063487
HX74855,Washington,M,High School or Below,247152.84,,61.0,,Personal Auto,Two-Door Car,114.273025
QN65180,Oregon,F,Bachelor,2190391.36,,79.0,,Personal Auto,Four-Door Car,125.194389
GE47180,Nevada,M,High School or Below,902882.14,,113.0,,Personal Auto,Luxury,235.220971
VQ38776,Oregon,F,College,530375.95,,76.0,,Personal Auto,Four-Door Car,395.34111
BH86846,Washington,M,High School or Below,2070825.88,,65.0,,Corporate Auto,Four-Door Car,114.798771
IN17648,Nevada,M,High School or Below,512376.81,,74.0,,Personal Auto,Two-Door Car,772.798511
DF95759,Oregon,M,College,949234.3,,132.0,,Personal Auto,SUV,633.6
QG45324,Oregon,F,High School or Below,820486.32,,73.0,,Personal Auto,Four-Door Car,350.4
MN61620,Arizona,F,College,987729.57,,131.0,,Personal Auto,Luxury,168.517149
YH86390,California,F,Bachelor,481500.97,,64.0,,Corporate Auto,Four-Door Car,307.2
FY13480,California,M,High School or Below,627701.17,,88.0,,Personal Auto,Four-Door Car,633.6
YH61661,California,M,High School or Below,826063.98,,105.0,,Special Auto,SUV,504.0
NL93182,Nevada,M,Bachelor,254945.0,,78.0,,Corporate Auto,Four-Door Car,845.654042
LN31673,Washington,F,College,1131808.98,,99.0,,Personal Auto,Four-Door Car,115.728852
WE68644,Oregon,F,Bachelor,380392.18,,100.0,,Personal Auto,Luxury,668.29397
EZ30498,Oregon,M,Bachelor,863540.35,,117.0,,Personal Auto,SUV,700.901632
QY74517,Oregon,F,High School or Below,551055.9,,73.0,,Personal Auto,Four-Door Car,525.6
NM88660,Nevada,M,Master,358588.41,,91.0,,Corporate Auto,Four-Door Car,25.299
MZ82036,Nevada,M,College,488925.28,,63.0,,Personal Auto,Four-Door Car,375.330097
ID20929,Oregon,M,Bachelor,275694.17,,74.0,,Corporate Auto,Four-Door Car,418.233667
EY50028,Nevada,M,Doctor,328954.74,,86.0,,Corporate Auto,Two-Door Car,398.240791
TT82373,California,F,Bachelor,1093717.85,,138.0,,Personal Auto,Luxury,938.513425
OH64088,California,M,High School or Below,737556.79,,65.0,,Corporate Auto,Four-Door Car,338.619869
SK97780,California,F,Bachelor,1011077.82,,90.0,,Corporate Auto,Two-Door Car,339.344531
IO33050,Oregon,F,High School or Below,511941.43,,65.0,,Personal Auto,Four-Door Car,302.818833
XA55917,California,F,College,853383.2,,113.0,,Personal Auto,SUV,619.165344
JK32620,Nevada,M,College,222476.8,,68.0,,Personal Auto,Four-Door Car,326.4
RQ19236,Arizona,M,Doctor,804280.38,,100.0,,Personal Auto,Luxury,259.561195
QC47433,Oregon,M,College,255443.71,,70.0,,Personal Auto,Four-Door Car,336.0
RA93608,Oregon,M,Bachelor,1807394.0,,76.0,,Personal Auto,Two-Door Car,364.8
XH97711,California,M,Bachelor,243050.66,,61.0,,Corporate Auto,Four-Door Car,179.161843
AU96286,Oregon,F,Bachelor,316765.84,,92.0,,Corporate Auto,Four-Door Car,662.4
KC17170,Arizona,F,Bachelor,546560.4,,68.0,,Corporate Auto,Four-Door Car,75.501852
ZN47335,California,M,College,1035751.42,,131.0,,Corporate Auto,SUV,306.983596
EI46264,California,M,High School or Below,253781.39,,65.0,,Personal Auto,Four-Door Car,84.026848
EK87864,Arizona,F,College,282194.72,,70.0,,Special Auto,Four-Door Car,139.489926
GV45403,Arizona,M,Bachelor,775712.81,,111.0,,Corporate Auto,Two-Door Car,607.4459
QK31192,Arizona,M,High School or Below,407913.27,,114.0,,Corporate Auto,Two-Door Car,631.124372
LU89008,Arizona,F,College,595554.46,,83.0,,Personal Auto,Four-Door Car,628.023494
NS10490,Oregon,F,Bachelor,1415861.36,,70.0,,Personal Auto,Two-Door Car,336.0
KL98495,Nevada,M,College,848723.8,,74.0,,Personal Auto,Two-Door Car,426.655599
IU96845,Arizona,M,College,628547.69,,80.0,,Personal Auto,Four-Door Car,91.417923
QL93655,Oregon,F,High School or Below,1147348.15,,95.0,,Personal Auto,Two-Door Car,317.844812
PF40592,Washington,F,College,494263.06,,65.0,,Personal Auto,Two-Door Car,118.446235
LZ34046,Oregon,M,Bachelor,2359468.02,,66.0,,Personal Auto,Four-Door Car,86.461582
JC80093,Washington,M,Master,257250.66,,66.0,,Personal Auto,Four-Door Car,118.454974
YE88490,Arizona,F,College,538089.86,,67.0,,Personal Auto,Four-Door Car,321.6
YC80498,California,F,College,477055.09,,65.0,,Personal Auto,Two-Door Car,362.774545
AI85843,Arizona,F,Master,675665.14,,86.0,,Personal Auto,Four-Door Car,221.856184
XD66024,Arizona,F,College,593601.18,,84.0,,Personal Auto,Four-Door Car,980.169081
FY51713,Arizona,F,Bachelor,357076.05,,88.0,,Personal Auto,Four-Door Car,614.675906
PH26378,California,M,College,601996.05,,92.0,,Personal Auto,Four-Door Car,662.4
WQ18638,Oregon,M,High School or Below,542686.4,,69.0,,Personal Auto,Two-Door Car,331.2
KY14688,Oregon,F,Master,273031.38,,68.0,,Personal Auto,Four-Door Car,145.252168
TC97762,California,F,High School or Below,498268.14,,62.0,,Corporate Auto,Four-Door Car,374.240783
QC87108,Oregon,F,College,876926.68,,74.0,,Personal Auto,Four-Door Car,355.2
CX12134,Nevada,M,High School or Below,422061.35,,110.0,,Personal Auto,Two-Door Car,528.0
SM73248,Arizona,M,High School or Below,1153750.51,,86.0,,Corporate Auto,Two-Door Car,619.2
CK19789,California,F,Master,588718.2,,73.0,,Personal Auto,Four-Door Car,80.669257
UV12583,California,F,College,470058.38,,117.0,,Personal Auto,SUV,561.6
JC11405,Oregon,M,High School or Below,1096395.72,,276.0,,Personal Auto,Luxury,1324.8
KA89683,Arizona,F,High School or Below,252317.12,,70.0,,Personal Auto,Four-Door Car,504.0
BG85305,Nevada,M,Doctor,375780.47,,96.0,,Personal Auto,Four-Door Car,460.8
UQ87917,Oregon,M,High School or Below,1294173.35,,106.0,,Personal Auto,SUV,468.566133
XN11823,Nevada,F,Bachelor,376446.51,,94.0,,Corporate Auto,Two-Door Car,842.43785
OS46571,California,M,High School or Below,688955.7,,66.0,,Personal Auto,Four-Door Car,475.2
PX17116,Nevada,M,College,362345.42,,111.0,,Corporate Auto,SUV,1171.93117
RP19541,Arizona,M,College,758211.38,,64.0,,Personal Auto,Four-Door Car,268.471802
ZR25747,Oregon,F,College,827774.56,,103.0,,Corporate Auto,Two-Door Car,494.4
NQ86532,California,M,High School or Below,257645.56,,66.0,,Personal Auto,Four-Door Car,475.2
JY27336,Oregon,F,College,820538.79,,102.0,,Corporate Auto,SUV,138.722385
PB54378,Oregon,F,Doctor,1958246.89,,72.0,,Corporate Auto,Four-Door Car,345.6
SV38190,Nevada,F,Bachelor,648152.66,,81.0,,Personal Auto,Four-Door Car,467.24802
CV24005,Oregon,M,High School or Below,259931.09,,66.0,,Corporate Auto,Two-Door Car,467.503236
EX28656,Oregon,F,College,983033.76,,253.0,,Personal Auto,Luxury,1214.4
CF57022,Oregon,M,Bachelor,1044265.14,,139.0,,Personal Auto,SUV,667.2
GM16780,Oregon,M,College,3605753.7,,137.0,,Corporate Auto,Luxury,192.085299
BX94438,California,F,High School or Below,847003.68,,113.0,,Corporate Auto,SUV,619.973889
RM41745,California,F,High School or Below,827878.65,,110.0,,Personal Auto,Four-Door Car,1002.782553
XR70252,California,F,High School or Below,478893.26,,67.0,,Personal Auto,Two-Door Car,321.6
YH92099,Arizona,F,Bachelor,308799.99,,80.0,,Special Auto,Four-Door Car,384.0
SG81493,Arizona,M,Bachelor,444373.62,,113.0,,Corporate Auto,Four-Door Car,251.774574
ZX23819,Oregon,F,High School or Below,798408.65,,72.0,,Personal Auto,Two-Door Car,866.208321
FJ54907,Oregon,F,College,718097.1,,180.0,,Personal Auto,Luxury,1210.920949
CU26127,California,F,Bachelor,1565603.43,,130.0,,Corporate Auto,SUV,599.648466
YH60476,Oregon,M,High School or Below,578018.22,,74.0,,Corporate Auto,Four-Door Car,787.993313
ZZ97035,California,M,College,2071494.04,,203.0,,Corporate Auto,Luxury,2027.724442
GE82737,Nevada,F,Bachelor,533735.24,,86.0,,Personal Auto,Four-Door Car,619.2
KY21873,Arizona,M,College,505082.62,,69.0,,Personal Auto,Two-Door Car,72.852047
UA51318,Arizona,F,High School or Below,511662.4,,68.0,,Corporate Auto,Four-Door Car,449.819671
BV55014,Oregon,M,Bachelor,726873.7,,63.0,,Personal Auto,Two-Door Car,302.4
HX21307,Oregon,M,College,261661.39,,66.0,,Personal Auto,Two-Door Car,316.8
LQ68252,Oregon,M,High School or Below,373843.62,,102.0,,Personal Auto,SUV,489.6
CR92802,California,F,Master,272535.64,,69.0,,Special Auto,Four-Door Car,56.60333
SL35268,Arizona,M,College,545386.12,,68.0,,Corporate Auto,Four-Door Car,259.060862
RD62882,Arizona,F,Bachelor,684615.03,,95.0,,Personal Auto,Two-Door Car,456.0
JS42382,Oregon,M,Master,617291.42,,76.0,,Corporate Auto,Four-Door Car,364.8
BT30554,Arizona,F,Bachelor,1034632.45,,98.0,,Personal Auto,Four-Door Car,470.4
VP57424,Nevada,F,Bachelor,699700.86,,88.0,,Personal Auto,Four-Door Car,299.356083
VU19243,Arizona,F,High School or Below,419625.77,,111.0,,Personal Auto,Four-Door Car,699.1679
TA82973,Oregon,F,High School or Below,785810.98,,104.0,,Personal Auto,SUV,117.959654
GK71720,Oregon,F,High School or Below,606434.4,,86.0,,Personal Auto,Four-Door Car,545.240341
OQ61223,California,M,College,1749752.2,,73.0,,Personal Auto,Two-Door Car,350.4
LL62746,Oregon,M,Doctor,897064.73,,118.0,,Personal Auto,SUV,328.231432
JQ56711,Oregon,F,Master,592311.72,,73.0,,Personal Auto,Two-Door Car,66.568642
AW77988,Oregon,M,High School or Below,3585059.94,,192.0,,Personal Auto,Luxury,1382.4
QP84605,Washington,F,Bachelor,870984.53,,111.0,,Corporate Auto,Four-Door Car,121.306839
MY97912,Arizona,M,College,1330933.52,,127.0,,Personal Auto,SUV,609.6
IB87349,California,M,High School or Below,452850.49,,113.0,,Special Auto,Four-Door Car,542.4
AW73065,Oregon,F,High School or Below,279190.65,,74.0,,Personal Auto,Four-Door Car,532.8
BW80872,Washington,M,High School or Below,443441.12,,111.0,,Personal Auto,Four-Door Car,125.933005
PX70175,Arizona,M,College,799600.75,,99.0,,Personal Auto,Four-Door Car,655.41333
KF75098,Arizona,M,Bachelor,512973.9,,65.0,,Personal Auto,Four-Door Car,312.0
IS50283,California,F,Bachelor,569717.52,,72.0,,Corporate Auto,Four-Door Car,345.6
MY64920,Oregon,F,College,921713.06,,115.0,,Personal Auto,SUV,673.34265
KN34250,Oregon,F,College,1020892.76,,129.0,,Corporate Auto,SUV,619.2
GN46207,Oregon,F,Master,417068.73,,107.0,,Personal Auto,SUV,513.6
KL57176,Oregon,F,College,450540.58,,115.0,,Personal Auto,SUV,23.810491
MN94234,California,M,High School or Below,310756.86,,94.0,,Personal Auto,Two-Door Car,451.2
JY90595,Arizona,M,High School or Below,552866.5,,73.0,,Personal Auto,Two-Door Car,350.4
HK26543,California,M,High School or Below,504586.67,,64.0,,Personal Auto,Four-Door Car,307.2
PN86062,California,M,High School or Below,296272.25,,85.0,,Corporate Auto,Four-Door Car,408.0
VW27730,California,F,Master,866595.64,,108.0,,Corporate Auto,SUV,231.922173
SH55671,Arizona,F,College,1141344.12,,161.0,,Personal Auto,Luxury,772.8
MO56878,California,M,Bachelor,1548843.2,,109.0,,Corporate Auto,SUV,664.980242
VO38365,Washington,F,College,886114.95,,110.0,,Corporate Auto,SUV,128.645946
SV35618,Oregon,F,Bachelor,593474.15,,147.0,,Personal Auto,SUV,46.492039
RX12347,Nevada,M,College,354323.21,,90.0,,Personal Auto,Four-Door Car,432.0
FR55658,California,M,Master,349002.83,,87.0,,Personal Auto,Four-Door Car,78.085149
XS12556,California,F,College,368309.99,,101.0,,Corporate Auto,Luxury,564.466556
ZU73588,California,M,College,598977.39,,154.0,,Personal Auto,Luxury,739.2
WT43034,California,F,High School or Below,1250084.3,,165.0,,Personal Auto,SUV,792.0
VM13430,Oregon,F,Bachelor,860915.82,,107.0,,Corporate Auto,SUV,289.040734
TC78849,Oregon,M,Bachelor,249745.51,,64.0,,Personal Auto,Two-Door Car,155.938593
VC34764,California,M,College,701917.72,,63.0,,Personal Auto,Four-Door Car,302.4
WO90953,Oregon,F,College,538792.63,,67.0,,Personal Auto,Two-Door Car,326.549425
IU47468,Oregon,F,Bachelor,616555.75,,88.0,,Special Auto,Two-Door Car,653.65668
KO46064,California,M,Bachelor,273020.29,,69.0,,Personal Auto,Four-Door Car,103.935601
RB34917,Arizona,F,Bachelor,516211.69,,73.0,,Personal Auto,Four-Door Car,809.532341
BI38192,Oregon,F,High School or Below,793706.48,,67.0,,Personal Auto,Two-Door Car,321.6
PU18983,Oregon,F,High School or Below,860815.72,,110.0,,Personal Auto,Luxury,528.0
SW79912,Oregon,M,Bachelor,263254.58,,65.0,,Personal Auto,Two-Door Car,312.0
ES39217,Oregon,F,Bachelor,778500.42,,99.0,,Personal Auto,Four-Door Car,580.72531
KP72427,Washington,M,High School or Below,2163983.86,,108.0,,Personal Auto,SUV,133.735395
UA19178,Oregon,F,Master,498082.5,,62.0,,Personal Auto,Four-Door Car,238.005074
PR53785,Arizona,F,High School or Below,745723.78,,198.0,,Personal Auto,Luxury,1577.674417
XF57481,Washington,M,Master,1064093.93,,90.0,,Personal Auto,Two-Door Car,135.892444
CN90378,California,F,High School or Below,686250.83,,88.0,,Personal Auto,Four-Door Car,135.26125
KI56154,Nevada,M,High School or Below,904898.34,,119.0,,Personal Auto,Luxury,571.2
UI55951,California,M,Bachelor,554803.19,,69.0,,Personal Auto,Four-Door Car,331.2
FF28650,Oregon,M,Bachelor,831268.16,,118.0,,Personal Auto,SUV,566.4
FS55302,California,M,Bachelor,238998.1,,62.0,,Personal Auto,Four-Door Car,297.6
TN79487,California,M,Bachelor,445811.34,,65.0,,Personal Auto,Four-Door Car,312.0
HG32616,Nevada,M,High School or Below,529574.17,,135.0,,Personal Auto,Luxury,637.063458
UK41984,Arizona,F,Doctor,383960.61,,112.0,,Personal Auto,SUV,537.6
LZ52266,California,F,High School or Below,373150.46,,96.0,,Personal Auto,Four-Door Car,460.8
PM27367,California,F,Master,277890.37,,70.0,,Special Auto,Two-Door Car,75.936096
ZK21724,Oregon,F,High School or Below,401654.2,,111.0,,Personal Auto,SUV,799.2
BH35482,Washington,M,Doctor,493094.93,,61.0,,Corporate Auto,Two-Door Car,136.291083
QE22757,Nevada,M,Doctor,249131.7,,62.0,,Personal Auto,Four-Door Car,67.530904
ON77649,Oregon,F,College,290887.59,,73.0,,Personal Auto,Four-Door Car,312.921256
RN82884,Arizona,F,College,428294.8,,109.0,,Personal Auto,SUV,166.937747
CQ75652,Oregon,M,College,834162.37,,118.0,,Personal Auto,Four-Door Car,566.4
FF58467,Arizona,F,Master,509078.13,,63.0,,Personal Auto,Four-Door Car,135.382194
BS83666,Oregon,M,Bachelor,736618.83,,62.0,,Corporate Auto,Four-Door Car,17.742954
WO29605,Oregon,F,College,243687.51,,61.0,,Personal Auto,Two-Door Car,1.838367
TL77607,California,M,Bachelor,885268.87,,74.0,,Personal Auto,Four-Door Car,197.776009
EZ50606,Oregon,F,High School or Below,2387547.68,,108.0,,Corporate Auto,SUV,612.102262
OS39723,Oregon,F,Doctor,560049.65,,69.0,,Personal Auto,Two-Door Car,331.2
FN69743,California,M,College,463654.65,,66.0,,Corporate Auto,Two-Door Car,316.8
XW96958,Nevada,M,High School or Below,757334.51,,110.0,,Corporate Auto,Four-Door Car,1193.036154
TU92578,California,M,College,1469663.55,,125.0,,Personal Auto,SUV,600.0
TL43709,Washington,M,Bachelor,897214.03,,74.0,,Personal Auto,Four-Door Car,136.829537
YE68736,California,F,Bachelor,772484.01,,193.0,,Personal Auto,SUV,926.4
OB96537,Oregon,M,Master,594667.07,,74.0,,Special Auto,Four-Door Car,392.6364
EU68825,Oregon,F,Master,800054.51,,100.0,,Personal Auto,Luxury,215.226476
CC31456,Arizona,M,Bachelor,645756.1,,81.0,,Special Auto,Four-Door Car,160.598662
DJ77787,Arizona,F,High School or Below,728144.01,,69.0,,Personal Auto,Four-Door Car,371.803029
LN26837,California,M,High School or Below,259243.78,,65.0,,Personal Auto,Four-Door Car,312.0
YI92916,Nevada,M,Master,467842.34,,116.0,,Corporate Auto,Four-Door Car,443.670399
NW54906,Oregon,M,College,1386992.71,,118.0,,Personal Auto,SUV,612.300581
ME77513,Nevada,F,Master,871777.78,,108.0,,Corporate Auto,Four-Door Car,290.391526
UK76891,California,F,College,523398.68,,65.0,,Corporate Auto,Four-Door Car,316.795337
SI26888,Nevada,F,High School or Below,476418.97,,67.0,,Personal Auto,Four-Door Car,405.527937
YD74948,Oregon,F,College,247246.92,,62.0,,Personal Auto,Four-Door Car,208.598246
HB64268,Washington,M,Bachelor,281369.26,,73.0,,Personal Auto,Four-Door Car,138.130879
BW52697,California,F,College,550505.7,,68.0,,Personal Auto,Two-Door Car,301.437365
NL41409,Oregon,F,Bachelor,260620.85,,66.0,,Personal Auto,Two-Door Car,456.473115
OD69005,Arizona,F,High School or Below,1048194.38,,88.0,,Personal Auto,Four-Door Car,152.338562
ZZ91716,California,F,Bachelor,325676.64,,89.0,,Personal Auto,Four-Door Car,491.755368
UK70255,California,F,College,3047578.05,,128.0,,Personal Auto,Luxury,48.517439
QT25383,Nevada,M,High School or Below,636490.22,,84.0,,Personal Auto,Two-Door Car,430.375049
AW18068,Arizona,M,High School or Below,946850.93,,88.0,,Personal Auto,Two-Door Car,633.6
NS45347,Oregon,F,College,563145.19,,73.0,,Personal Auto,Four-Door Car,350.4
FV19421,California,M,Bachelor,778099.93,,74.0,,Personal Auto,Four-Door Car,246.489123
XW89091,California,M,College,981652.83,,62.0,,Personal Auto,Four-Door Car,128.969729
YC11951,Oregon,M,High School or Below,751913.36,,95.0,,Corporate Auto,Four-Door Car,185.355353
UY18770,California,F,Bachelor,1017971.7,,271.0,,Personal Auto,Luxury,1300.8
RA49085,California,F,College,277283.92,,71.0,,Corporate Auto,Four-Door Car,9.071305
BG84194,Oregon,M,College,403750.18,,103.0,,Special Auto,SUV,133.475315
PT64580,Washington,M,Master,419196.61,,103.0,,Personal Auto,SUV,141.199465
MR67738,Oregon,F,High School or Below,267686.79,,67.0,,Personal Auto,Four-Door Car,321.6
DM95829,California,M,College,252395.96,,68.0,,Personal Auto,Two-Door Car,623.223617
DB75522,California,F,College,698840.16,,89.0,,Special Auto,Four-Door Car,427.2
LM34525,Washington,F,College,874205.78,,72.0,,Personal Auto,Four-Door Car,141.725051
WW30771,Arizona,M,Master,267331.96,,67.0,,Personal Auto,Four-Door Car,321.6
QP65569,Arizona,M,High School or Below,1215732.99,,103.0,,Personal Auto,Four-Door Car,494.4
TN50051,California,F,Doctor,295776.4,,73.0,,Personal Auto,Two-Door Car,211.336937
UO86707,Washington,M,Bachelor,717390.94,,61.0,,Personal Auto,Four-Door Car,147.080303
JA41698,Nevada,M,Bachelor,309953.8,,102.0,,Corporate Auto,SUV,862.762957
NX18774,Oregon,M,Bachelor,841568.46,,107.0,,Corporate Auto,SUV,513.6
DA69469,Oregon,F,College,2684312.45,,97.0,,Personal Auto,Two-Door Car,113.367765
CN23147,Oregon,M,Bachelor,1305717.07,,112.0,,Corporate Auto,Four-Door Car,537.6
RA68844,Oregon,M,College,959995.02,,131.0,,Personal Auto,SUV,943.2
GH42026,Oregon,M,Bachelor,853510.89,,111.0,,Personal Auto,SUV,117.672722
BD16530,Arizona,F,Bachelor,829348.19,,69.0,,Personal Auto,Four-Door Car,225.145949
JH91579,Oregon,F,Bachelor,684615.03,,95.0,,Personal Auto,Two-Door Car,456.0
WK23685,Oregon,F,Bachelor,663685.98,,83.0,,Corporate Auto,Four-Door Car,182.432565
GR62267,Washington,F,College,560908.25,,71.0,,Personal Auto,Two-Door Car,148.173152
PI78084,Arizona,M,High School or Below,507732.09,,73.0,,Personal Auto,Two-Door Car,525.6
GF97874,Washington,F,Master,527562.7,,65.0,,Personal Auto,Four-Door Car,155.570802
ZH19885,Washington,F,High School or Below,251459.2,,65.0,,Personal Auto,Four-Door Car,156.124914
UK25655,Oregon,F,Bachelor,343525.01,,86.0,,Personal Auto,Two-Door Car,212.391975
QR45101,Oregon,M,Bachelor,662461.18,,62.0,,Corporate Auto,Two-Door Car,297.6
EL93539,California,M,Master,575744.23,,72.0,,Special Auto,Four-Door Car,174.041566
EE99484,Washington,F,High School or Below,251459.2,,65.0,,Corporate Auto,Four-Door Car,156.124914
DP46882,California,F,High School or Below,288645.16,,78.0,,Corporate Auto,Four-Door Car,486.278557
WP41146,California,F,High School or Below,534143.88,,72.0,,Personal Auto,Four-Door Car,345.6
TK60799,Arizona,F,High School or Below,416001.81,,103.0,,Personal Auto,SUV,1.924709
DN29808,California,F,College,284624.54,,72.0,,Corporate Auto,Four-Door Car,518.4
SS59521,Oregon,F,College,477025.66,,68.0,,Personal Auto,Two-Door Car,326.4
NG66579,Oregon,M,Bachelor,505961.62,,64.0,,Personal Auto,Two-Door Car,262.12205
TC14209,Arizona,F,High School or Below,909574.46,,128.0,,Personal Auto,SUV,921.6
ED50963,California,F,High School or Below,268886.4,,68.0,,Personal Auto,Four-Door Car,541.695658
GP40701,California,F,Bachelor,827763.76,,68.0,,Personal Auto,Four-Door Car,326.4
CP98451,Oregon,F,College,905793.53,,112.0,,Personal Auto,SUV,327.682669
NX52648,California,F,High School or Below,380175.04,,95.0,,Personal Auto,Two-Door Car,456.0
ZC32510,Arizona,M,High School or Below,933934.16,,118.0,,Personal Auto,Four-Door Car,1265.570302
NG27780,Oregon,M,College,252012.32,,70.0,,Corporate Auto,Four-Door Car,63.043197
HN95240,Arizona,F,College,498409.53,,70.0,,Corporate Auto,Four-Door Car,336.0
EB59129,Oregon,F,Bachelor,259574.8,,65.0,,Personal Auto,Four-Door Car,15.631363
RA70851,Oregon,M,High School or Below,743769.33,,92.0,,Personal Auto,Four-Door Car,441.6
PM19162,Oregon,M,Bachelor,1453678.76,,66.0,,Personal Auto,Four-Door Car,375.866091
MS59005,Nevada,M,Bachelor,591330.59,,76.0,,Personal Auto,Four-Door Car,364.8
SU71163,Arizona,M,College,277166.3,,74.0,,Personal Auto,Two-Door Car,355.2
BD35676,Arizona,M,Master,2919436.64,,126.0,,Personal Auto,SUV,452.616872
NI44621,Oregon,F,Master,988038.58,,125.0,,Personal Auto,SUV,113.450122
EW33419,California,F,High School or Below,1511440.24,,100.0,,Corporate Auto,SUV,480.0
HX44948,Oregon,M,Bachelor,575991.08,,72.0,,Special Auto,Four-Door Car,16.03451
DL36983,Oregon,F,High School or Below,849516.42,,110.0,,Personal Auto,Two-Door Car,615.27228
XR87264,California,F,Bachelor,438118.42,,112.0,,Personal Auto,Four-Door Car,615.256301
NN99001,Arizona,F,College,699782.74,,87.0,,Personal Auto,Four-Door Car,512.66245
XV95530,Oregon,M,Bachelor,1143058.85,,71.0,,Personal Auto,Two-Door Car,74.523935
OL97871,Oregon,F,Bachelor,748248.61,,94.0,,Personal Auto,Four-Door Car,426.072946
HQ23708,Arizona,F,Master,859691.66,,71.0,,Personal Auto,Two-Door Car,169.287785
WR63188,Arizona,M,College,785496.08,,66.0,,Personal Auto,Four-Door Car,419.464143
NG82219,Oregon,F,Bachelor,258240.85,,64.0,,Personal Auto,Four-Door Car,201.455005
KU29408,Washington,M,Master,907576.82,,116.0,,Corporate Auto,Luxury,158.077504
RE46783,California,F,Bachelor,411858.86,,103.0,,Personal Auto,Two-Door Car,494.4
RU94434,Oregon,M,High School or Below,1215732.99,,103.0,,Personal Auto,Four-Door Car,494.4
GI82355,Arizona,M,Bachelor,515281.96,,68.0,,Corporate Auto,Four-Door Car,326.4
VO26340,Nevada,M,College,651297.65,,93.0,,Personal Auto,Two-Door Car,669.6
NV61299,Arizona,F,Bachelor,2778969.24,,89.0,,Corporate Auto,Four-Door Car,395.729716
DX31066,Washington,F,College,266727.0,,66.0,,Personal Auto,Four-Door Car,159.756733
CY50337,Oregon,F,College,1092840.71,,90.0,,Personal Auto,Four-Door Car,58.557552
TJ20375,Arizona,F,High School or Below,761538.13,,63.0,,Personal Auto,Two-Door Car,302.4
EP72155,California,F,College,200435.07,,66.0,,Personal Auto,Four-Door Car,316.8
JJ76159,California,M,College,243468.12,,61.0,,Corporate Auto,Four-Door Car,8.582971
BG15419,Nevada,F,Bachelor,1419536.03,,118.0,,Personal Auto,Luxury,285.418473
AO74776,California,F,High School or Below,942768.49,,118.0,,Personal Auto,SUV,566.4
HQ82233,California,M,High School or Below,1198242.09,,101.0,,Personal Auto,SUV,410.508316
OL72737,Oregon,F,High School or Below,310278.95,,79.0,,Personal Auto,Two-Door Car,244.23135
ZQ59828,California,M,High School or Below,422263.12,,106.0,,Personal Auto,SUV,218.598065
NZ15548,Oregon,M,Bachelor,402381.44,,103.0,,Personal Auto,Four-Door Car,643.826716
XK61304,California,F,College,529715.18,,70.0,,Personal Auto,Four-Door Car,336.0
EJ44139,Oregon,M,Bachelor,2142363.72,,65.0,,Personal Auto,Two-Door Car,312.0
CM94425,Arizona,M,Bachelor,441620.62,,113.0,,Personal Auto,SUV,497.047297
OV54878,California,M,Bachelor,463903.52,,142.0,,Corporate Auto,SUV,1022.4
JF57282,Nevada,M,Bachelor,486354.46,,137.0,,Personal Auto,SUV,657.6
MY37953,Arizona,F,Bachelor,2583090.98,,107.0,,Personal Auto,Luxury,230.245772
XP64922,Oregon,F,College,297431.49,,74.0,,Corporate Auto,Four-Door Car,5.622751
WL65572,California,M,College,206445.88,,61.0,,Personal Auto,Four-Door Car,292.8
LN50325,Arizona,F,High School or Below,1006460.83,,128.0,,Corporate Auto,Luxury,614.4
HJ15383,Washington,M,Master,803240.19,,68.0,,Personal Auto,Four-Door Car,160.07526
KH59823,California,M,College,548921.41,,139.0,,Special Auto,SUV,667.2
YM79169,California,M,Bachelor,261275.67,,71.0,,Personal Auto,Two-Door Car,34.651305
DR38127,California,M,College,857346.39,,108.0,,Personal Auto,Four-Door Car,678.100487
PU42145,California,M,Bachelor,2412750.4,,71.0,,Personal Auto,Four-Door Car,511.2
KM33477,Oregon,M,College,855038.66,,73.0,,Corporate Auto,Four-Door Car,525.6
RI53167,Arizona,M,Bachelor,230864.8,,61.0,,Personal Auto,Four-Door Car,292.8
OF77789,Arizona,F,High School or Below,425462.07,,61.0,,Personal Auto,Two-Door Car,292.8
YB33445,Oregon,F,College,898285.04,,114.0,,Corporate Auto,SUV,174.588413
BA17836,California,M,High School or Below,786816.6,,67.0,,Corporate Auto,Four-Door Car,159.391681
JS43228,California,M,College,770424.87,,97.0,,Corporate Auto,Four-Door Car,698.4
BB11622,Nevada,M,Master,1055217.0,,131.0,,Personal Auto,SUV,232.711071
HQ70429,Washington,F,College,1604510.95,,65.0,,Personal Auto,Two-Door Car,163.046956
WK88044,Arizona,M,Bachelor,873783.75,,110.0,,Personal Auto,SUV,79.865605
LA80525,Nevada,M,Bachelor,545489.07,,82.0,,Corporate Auto,Two-Door Car,393.6
EH16250,Arizona,M,Bachelor,770528.33,,66.0,,Personal Auto,Four-Door Car,382.085897
PU41872,Arizona,F,High School or Below,703926.24,,88.0,,Personal Auto,Four-Door Car,48.348319
HB85743,California,M,Bachelor,883808.56,,114.0,,Personal Auto,SUV,133.425609
MM71959,Arizona,M,Bachelor,873352.73,,110.0,,Personal Auto,Luxury,528.0
MB83663,Oregon,F,Bachelor,959747.48,,81.0,,Personal Auto,Two-Door Car,561.414794
KR43119,California,M,College,450666.02,,66.0,,Personal Auto,Four-Door Car,316.8
KH24214,Oregon,M,College,1785797.23,,64.0,,Personal Auto,Four-Door Car,445.287788
AC40767,Washington,M,Bachelor,249780.82,,6464.0,,Personal Auto,Two-Door Car,165.570243
HP55391,Oregon,M,Master,542613.62,,71.0,,Corporate Auto,Four-Door Car,407.99684
EG62398,California,F,High School or Below,799814.38,,100.0,,Personal Auto,SUV,844.229478
VS19949,Nevada,M,Bachelor,289762.07,,72.0,,Personal Auto,Four-Door Car,345.6
AM92343,Oregon,F,High School or Below,1159950.22,,96.0,,Personal Auto,Four-Door Car,340.306584
GI68556,California,F,Bachelor,1514793.06,,63.0,,Personal Auto,Two-Door Car,106.647493
JT11876,Washington,F,High School or Below,543576.78,,10202.0,,Personal Auto,Four-Door Car,626.116259
XR64251,Nevada,F,Master,272535.64,,69.0,,Personal Auto,Four-Door Car,56.60333
MK34957,Oregon,F,College,1329771.23,,112.0,,Special Auto,SUV,784.65781
GP18756,California,M,College,992704.97,,92.0,,Personal Auto,Four-Door Car,441.6
AP23850,Washington,F,High School or Below,1777154.9,,114.0,,Personal Auto,Two-Door Car,547.2
KQ65521,Arizona,F,College,1826927.02,,115.0,,Personal Auto,Luxury,86.27772
EJ19449,California,F,College,272221.07,,71.0,,Special Auto,Four-Door Car,398.502948
QB70027,California,F,Bachelor,708321.24,,89.0,,Personal Auto,Four-Door Car,63.516572
QW47320,California,F,Bachelor,1017971.7,,271.0,,Personal Auto,Luxury,1300.8
KH64733,Nevada,F,College,588950.91,,73.0,,Personal Auto,Four-Door Car,120.015609
ON59472,Arizona,M,High School or Below,1577139.34,,206.0,,Corporate Auto,Luxury,1254.137899
HP94242,Arizona,F,Bachelor,528817.33,,66.0,,Personal Auto,Four-Door Car,316.8
RV15398,Oregon,M,College,2758055.4,,87.0,,Personal Auto,Four-Door Car,417.6
EA25683,Washington,M,High School or Below,777853.23,,196.0,,Corporate Auto,Luxury,798.002689
PW73754,California,F,High School or Below,734186.13,,104.0,,Personal Auto,Luxury,82.041684
MC71942,California,F,High School or Below,791919.7,,99.0,,Personal Auto,Two-Door Car,22.819088
OX72195,Arizona,M,College,216387.02,,63.0,,Corporate Auto,Two-Door Car,302.4
YQ99152,Nevada,M,High School or Below,978780.88,,88.0,,Personal Auto,Two-Door Car,422.4
KI19439,Oregon,F,High School or Below,520764.08,,66.0,,Personal Auto,Four-Door Car,316.8
PM76175,Oregon,F,Bachelor,2114727.72,,132.0,,Corporate Auto,Luxury,639.971388
US45383,California,M,College,1228076.66,,102.0,,Personal Auto,Two-Door Car,489.6
GT38956,California,F,College,244139.42,,65.0,,Personal Auto,Four-Door Car,312.0
SN41301,Oregon,M,Bachelor,653556.06,,65.0,,Corporate Auto,Four-Door Car,468.0
BE62503,Washington,F,College,920659.83,,82.0,,Personal Auto,Two-Door Car,511.497882
PA16884,California,F,Bachelor,411858.86,,103.0,,Personal Auto,Two-Door Car,494.4
NC58480,Nevada,F,Bachelor,483820.9,,61.0,,Personal Auto,Four-Door Car,239.540223
NS39326,California,F,College,462554.81,,114.0,,Personal Auto,SUV,518.180364
PN18507,Arizona,M,Bachelor,1404210.3,,118.0,,Personal Auto,Two-Door Car,715.252366
EK91340,Oregon,M,Bachelor,754661.35,,193.0,,Corporate Auto,Luxury,926.4
JY16280,California,F,High School or Below,251459.2,,65.0,,Personal Auto,Four-Door Car,156.124914
ZW71731,California,M,Bachelor,517035.84,,133.0,,Corporate Auto,SUV,402.070719
ZC24631,Oregon,M,College,1391737.72,,89.0,,Corporate Auto,Four-Door Car,94.814032
YR34689,California,F,High School or Below,1131813.08,,95.0,,Personal Auto,Four-Door Car,456.0
RT65829,Oregon,M,Bachelor,427636.36,,109.0,,Personal Auto,Four-Door Car,523.2
BZ12077,Oregon,F,High School or Below,432224.03,,119.0,,Personal Auto,SUV,571.2
WM65373,California,F,College,800230.83,,107.0,,Corporate Auto,SUV,513.6
NH35059,Nevada,M,College,388545.64,,105.0,,Corporate Auto,Four-Door Car,504.0
QD38160,Oregon,M,College,447177.82,,135.0,,Personal Auto,SUV,972.0
BM15160,California,F,High School or Below,849635.28,,71.0,,Special Auto,Four-Door Car,73.883044
VY79030,Arizona,F,College,2250088.35,,71.0,,Corporate Auto,Four-Door Car,340.8
EV19512,Nevada,F,Master,1630196.76,,85.0,,Personal Auto,Two-Door Car,574.024018
TE13577,Oregon,F,College,231973.59,,64.0,,Personal Auto,Four-Door Car,632.715382
WY97929,Arizona,M,College,871704.98,,74.0,,Special Auto,Four-Door Car,355.2
YG20683,Washington,M,College,286011.17,,72.0,,Personal Auto,Four-Door Car,4.238626
FK75497,California,M,College,245340.83,,62.0,,Personal Auto,Two-Door Car,42.248087
NE60110,Arizona,M,College,598977.39,,154.0,,Personal Auto,Luxury,739.2
TN36521,Arizona,F,College,2498022.55,,70.0,,Personal Auto,Two-Door Car,27.145151
HG33568,Arizona,F,Master,748263.95,,63.0,,Personal Auto,Four-Door Car,270.002766
TW17878,Oregon,F,High School or Below,245757.6,,61.0,,Personal Auto,Four-Door Car,292.8
ZO83562,Nevada,F,Bachelor,237974.12,,67.0,,Personal Auto,Four-Door Car,494.946438
CH97539,Washington,F,Bachelor,828696.44,,70.0,,Personal Auto,Four-Door Car,142.567008
CV29889,California,M,College,239391.54,,70.0,,Personal Auto,Four-Door Car,425.266308
MO33320,Oregon,M,College,465715.95,,65.0,,Personal Auto,Two-Door Car,312.0
QZ81258,Oregon,F,College,1319792.89,,68.0,,Personal Auto,Four-Door Car,326.4
NY56352,Oregon,F,Bachelor,280391.67,,74.0,,Personal Auto,Four-Door Car,251.334247
EA27048,California,F,High School or Below,864650.41,,108.0,,Personal Auto,SUV,369.818708
UT38865,Oregon,F,College,742587.06,,62.0,,Corporate Auto,Four-Door Car,161.419528
QC89139,Oregon,F,High School or Below,452873.74,,112.0,,Corporate Auto,SUV,537.6
LA14484,Nevada,M,High School or Below,222707.28,,61.0,,Special Auto,Four-Door Car,292.8
HN57556,California,F,High School or Below,729294.88,,65.0,,Personal Auto,Four-Door Car,312.0
CV31235,Arizona,M,Bachelor,318435.52,,80.0,,Corporate Auto,Four-Door Car,255.999709
WR45726,Arizona,F,Bachelor,1131520.37,,101.0,,Special Auto,Four-Door Car,484.8
LB25094,California,F,Bachelor,253070.51,,63.0,,Special Auto,Four-Door Car,61.769564
KW56110,Oregon,M,Bachelor,1836155.53,,182.0,,Personal Auto,Luxury,1310.4
XO36233,Washington,M,Bachelor,864153.0,,109.0,,Personal Auto,SUV,250.001424
ZX86243,Arizona,M,Doctor,327853.19,,83.0,,Personal Auto,Four-Door Car,141.799422
DW29763,Arizona,M,High School or Below,527198.21,,67.0,,Personal Auto,Two-Door Car,321.6
CT83377,Washington,M,High School or Below,376363.77,,97.0,,Special Auto,Four-Door Car,49.797016
OQ90898,California,M,Master,1395556.96,,115.0,,Personal Auto,SUV,372.175592
GO77248,Oregon,F,College,500152.75,,72.0,,Personal Auto,Four-Door Car,542.14385
QW33258,California,M,Bachelor,708283.04,,189.0,,Personal Auto,Luxury,1360.8
OU79745,California,M,College,761948.28,,105.0,,Personal Auto,Four-Door Car,504.0
VZ79886,Oregon,F,Bachelor,1255088.2,,160.0,,Personal Auto,SUV,768.0
FI92440,Washington,F,High School or Below,3219660.04,,99.0,,Personal Auto,Two-Door Car,72.632934
YG85980,Nevada,F,High School or Below,679377.41,,86.0,,Personal Auto,Two-Door Car,720.601429
QM74621,Oregon,M,Bachelor,527231.97,,80.0,,Personal Auto,Four-Door Car,576.0
EI71732,Oregon,F,Doctor,626534.33,,84.0,,Personal Auto,Four-Door Car,481.025786
VN79010,California,F,High School or Below,854758.61,,71.0,,Corporate Auto,Four-Door Car,466.176731
FI61723,California,M,Bachelor,278742.37,,72.0,,Personal Auto,Four-Door Car,159.266473
OH55411,California,F,Master,462680.11,,114.0,,Corporate Auto,SUV,547.2
TF10720,Nevada,F,Doctor,866336.4,,107.0,,Personal Auto,Four-Door Car,41.283167
NW30838,Nevada,M,High School or Below,387222.22,,62.0,,Corporate Auto,Four-Door Car,503.808329
CB58476,Oregon,F,College,517081.15,,71.0,,Corporate Auto,Four-Door Car,859.599411
WI69346,California,F,Master,896028.02,,112.0,,Corporate Auto,SUV,305.653785
FS76657,Oregon,F,College,547183.43,,68.0,,Personal Auto,Four-Door Car,278.902846
YX89016,Oregon,M,College,3493100.17,,295.0,,Personal Auto,Luxury,1416.0
PK28821,California,M,College,262039.23,,67.0,,Personal Auto,Four-Door Car,139.963594
MB51200,Washington,M,College,1906949.95,,102.0,,Personal Auto,Four-Door Car,734.4
XG44587,Arizona,M,Master,575744.23,,72.0,,Personal Auto,Four-Door Car,174.041566
FG91922,Arizona,M,Master,4022401.36,,111.0,,Personal Auto,SUV,532.8
OM99303,Arizona,F,High School or Below,270148.83,,67.0,,Personal Auto,Two-Door Car,321.6
RV67546,California,M,Bachelor,371243.05,,92.0,,Personal Auto,Four-Door Car,37.299865
UJ79253,Oregon,F,College,2185084.0,,78.0,,Personal Auto,Four-Door Car,95.816516
PN98247,California,M,College,784016.58,,210.0,,Personal Auto,Luxury,1008.0
IB67546,California,F,Bachelor,823703.79,,107.0,,Personal Auto,SUV,513.6
OE19087,California,F,High School or Below,224347.39,,62.0,,Personal Auto,Four-Door Car,446.4
CM95716,California,M,Bachelor,843446.41,,71.0,,Personal Auto,Four-Door Car,72.205362
MW62634,California,M,High School or Below,222707.28,,61.0,,Corporate Auto,Four-Door Car,292.8
QW67581,Arizona,F,High School or Below,517002.6,,69.0,,Personal Auto,Four-Door Car,331.2
SN16059,California,F,Master,264144.61,,66.0,,Personal Auto,Four-Door Car,475.2
OE51254,California,F,College,279068.3,,69.0,,Personal Auto,Four-Door Car,331.2
RM42344,Oregon,M,College,274512.98,,69.0,,Personal Auto,Four-Door Car,331.2
GB35238,California,F,Bachelor,757953.27,,64.0,,Personal Auto,Two-Door Car,401.592109
ML82674,Oregon,M,Bachelor,1097878.03,,139.0,,Personal Auto,SUV,253.183568
EI85244,California,M,College,825506.01,,134.0,,Personal Auto,SUV,643.2
DE28132,Oregon,M,College,474773.46,,123.0,,Corporate Auto,SUV,799.673766
TV25678,Washington,M,College,354090.43,,101.0,,Personal Auto,SUV,727.2
TY26512,California,M,Doctor,343613.43,,88.0,,Personal Auto,Four-Door Car,91.834668
OB69153,California,M,Bachelor,258218.53,,65.0,,Personal Auto,Four-Door Car,27.987867
QZ77637,Washington,F,College,1166509.78,,35353.0,,Corporate Auto,Four-Door Car,166.77296
XN41715,California,F,Master,739628.37,,92.0,,Personal Auto,Four-Door Car,270.563995
QR15857,California,F,College,433079.98,,61.0,,Personal Auto,Two-Door Car,292.8
FL69363,Oregon,M,Master,907576.82,,116.0,,Personal Auto,Luxury,158.077504
IS30295,Arizona,F,Bachelor,1463545.16,,139.0,,Personal Auto,SUV,667.2
WA25797,Washington,M,High School or Below,856476.82,,107.0,,Personal Auto,Luxury,178.006524
NL59519,California,F,College,1156568.75,,96.0,,Personal Auto,Four-Door Car,404.265696
ZU93025,Oregon,F,College,277104.5,,71.0,,Personal Auto,Two-Door Car,18.918935
DK94262,Oregon,M,High School or Below,850712.88,,106.0,,Personal Auto,SUV,513.818403
UQ30615,California,M,College,758211.38,,64.0,,Corporate Auto,Four-Door Car,268.471802
OR40060,Arizona,M,Bachelor,332309.25,,83.0,,Personal Auto,Four-Door Car,131.828507
DK32872,Nevada,F,High School or Below,523433.17,,131.0,,Personal Auto,SUV,628.8
FA46418,Nevada,F,High School or Below,2470959.96,,78.0,,Personal Auto,Four-Door Car,374.4
ER19995,Washington,F,College,1778627.78,,6464.0,,Personal Auto,Four-Door Car,178.986788
KI75855,Oregon,M,Master,255122.67,,63.0,,Personal Auto,Two-Door Car,392.235698
ND41876,Arizona,M,High School or Below,724771.37,,182.0,,Personal Auto,Luxury,873.6
PN21042,Arizona,M,Bachelor,453884.78,,116.0,,Personal Auto,Luxury,0.382107
GJ43254,Washington,M,College,3164210.46,,98.0,,Corporate Auto,Two-Door Car,187.363583
AL46984,California,M,High School or Below,873042.2,,73.0,,Personal Auto,Four-Door Car,350.4
JP58047,Oregon,M,College,833273.06,,79.0,,Personal Auto,Four-Door Car,379.2
ZE85014,California,M,College,235774.7,,62.0,,Personal Auto,Four-Door Car,297.6
KU88219,Arizona,M,Master,463716.4,,119.0,,Personal Auto,Luxury,571.2
UU98729,California,M,Bachelor,535719.27,,73.0,,Personal Auto,Four-Door Car,350.853987
WS82822,Oregon,F,College,539197.1,,69.0,,Corporate Auto,Four-Door Car,217.973168
YB49933,Arizona,M,Bachelor,369414.05,,92.0,,Personal Auto,Four-Door Car,441.6
XC16387,Arizona,F,High School or Below,504041.24,,64.0,,Personal Auto,Four-Door Car,25.934064
XJ96748,Arizona,F,High School or Below,2749542.19,,99.0,,Personal Auto,Four-Door Car,475.2
TM98684,Oregon,M,High School or Below,484228.5,,62.0,,Personal Auto,Four-Door Car,297.6
AY18433,Washington,F,High School or Below,2738281.89,,76.0,,Special Auto,Two-Door Car,188.938397
DM74502,Nevada,F,College,522710.19,,131.0,,Corporate Auto,Luxury,628.8
FT56968,Arizona,M,High School or Below,259009.6,,67.0,,Personal Auto,Four-Door Car,321.6
OX36896,California,M,High School or Below,1053607.8,,87.0,,Corporate Auto,Four-Door Car,153.205591
BZ65376,Arizona,M,Bachelor,858127.87,,239.0,,Personal Auto,Luxury,2893.239678
LN34660,California,F,College,946311.33,,118.0,,Corporate Auto,SUV,629.532731
JC29295,California,F,Bachelor,1344100.64,,111.0,,Personal Auto,SUV,361.284757
KJ87930,California,F,Bachelor,388650.48,,112.0,,Corporate Auto,SUV,1185.988301
XT36360,Arizona,F,High School or Below,678489.37,,64.0,,Personal Auto,Four-Door Car,460.8
IX35050,Arizona,M,Bachelor,2359468.02,,66.0,,Special Auto,Four-Door Car,86.461582
UN97379,Oregon,M,Bachelor,253862.63,,71.0,,Corporate Auto,Four-Door Car,340.8
MR57294,California,M,High School or Below,563994.2,,70.0,,Personal Auto,Four-Door Car,425.800112
UG79499,Washington,M,Bachelor,1168137.43,,99.0,,Personal Auto,Four-Door Car,190.43446
UA50747,Washington,F,High School or Below,2599775.0,,72.0,,Corporate Auto,Four-Door Car,193.505325
GL20444,Nevada,F,Master,1377836.93,,113.0,,Corporate Auto,Two-Door Car,24.087774
SP58110,California,F,Bachelor,492318.17,,63.0,,Personal Auto,Four-Door Car,302.4
XM91635,Arizona,F,High School or Below,227233.54,,62.0,,Special Auto,Four-Door Car,219.288706
TV82603,California,F,Bachelor,1489539.8,,188.0,,Personal Auto,Luxury,881.360959
BB82067,Oregon,M,Doctor,975604.5,,121.0,,Personal Auto,Luxury,26.951627
JP94676,Oregon,F,Bachelor,942297.41,,119.0,,Personal Auto,SUV,466.122541
VU53417,Arizona,M,High School or Below,383735.76,,99.0,,Personal Auto,Two-Door Car,475.2
IW54795,California,M,College,1095213.19,,99.0,,Personal Auto,Four-Door Car,607.095655
RN78170,Arizona,F,College,815913.66,,69.0,,Corporate Auto,Four-Door Car,331.2
IX55883,California,F,College,1948049.98,,83.0,,Personal Auto,Four-Door Car,290.381707
XM72420,Arizona,F,High School or Below,391936.67,,97.0,,Personal Auto,Four-Door Car,558.099357
GC15104,Nevada,F,Bachelor,798514.21,,70.0,,Corporate Auto,Four-Door Car,336.0
RX13282,Oregon,M,Bachelor,1216874.49,,115.0,,Personal Auto,SUV,828.0
QA85890,Arizona,F,High School or Below,584932.15,,83.0,,Corporate Auto,Four-Door Car,540.514115
IR62668,Arizona,F,Bachelor,508583.66,,65.0,,Personal Auto,Four-Door Car,100.049832
AL96740,California,F,College,290393.98,,73.0,,Personal Auto,Four-Door Car,59.861963
SS48498,Washington,F,College,627317.34,,79.0,,Corporate Auto,Four-Door Car,193.57032
PE39479,Washington,M,College,1832141.9,,76.0,,Corporate Auto,Four-Door Car,199.79727
JH62891,Oregon,F,College,517870.42,,65.0,,Special Auto,Four-Door Car,53.084753
FI20423,Arizona,F,High School or Below,1402435.84,,115.0,,Special Auto,Four-Door Car,256.43803
PM13394,Washington,F,College,530943.59,,70.0,,Personal Auto,Four-Door Car,211.136067
YV67971,California,F,High School or Below,494980.38,,62.0,,Personal Auto,Four-Door Car,74.350893
QD31377,California,M,Bachelor,859566.53,,108.0,,Corporate Auto,SUV,621.464468
YG10247,Oregon,M,College,2295189.2,,64.0,,Personal Auto,Four-Door Car,307.2
FE73696,Oregon,M,High School or Below,379213.03,,93.0,,Personal Auto,Two-Door Car,360.05589
SW19699,Arizona,F,Bachelor,275574.8,,70.0,,Personal Auto,Four-Door Car,65.954813
QJ40732,Arizona,M,College,488033.96,,61.0,,Personal Auto,Four-Door Car,407.450118
HM76207,California,F,College,905190.53,,114.0,,Corporate Auto,SUV,547.2
NT59303,Oregon,F,College,1011544.62,,256.0,,Personal Auto,Luxury,1228.8
PU41393,Nevada,M,College,826907.54,,114.0,,Special Auto,SUV,547.2
QO86948,Nevada,M,High School or Below,807165.3,,112.0,,Personal Auto,SUV,806.4
QN10888,Oregon,F,High School or Below,772699.36,,64.0,,Personal Auto,Four-Door Car,24.063693
VY19543,California,F,Bachelor,831113.59,,72.0,,Corporate Auto,Four-Door Car,311.329282
XC15133,Nevada,F,Master,257402.04,,65.0,,Personal Auto,Four-Door Car,42.689135
ST43550,Oregon,M,Bachelor,572732.71,,71.0,,Special Auto,Four-Door Car,460.323855
FX36546,Washington,M,Master,367914.21,,92.0,,Personal Auto,Four-Door Car,213.225001
JX68983,Oregon,M,Bachelor,274451.96,,69.0,,Personal Auto,Four-Door Car,331.2
HX78576,California,F,High School or Below,563674.03,,71.0,,Personal Auto,Four-Door Car,300.607591
ZQ11381,Arizona,M,Bachelor,1687038.82,,85.0,,Personal Auto,Four-Door Car,262.504882
ON39271,California,M,Master,273800.2,,74.0,,Personal Auto,Two-Door Car,263.365432
SB18278,Oregon,M,Bachelor,464470.05,,64.0,,Corporate Auto,Four-Door Car,307.2
ZT30559,California,F,High School or Below,474668.65,,63.0,,Personal Auto,Four-Door Car,302.4
XI41106,Arizona,M,College,1687432.82,,71.0,,Corporate Auto,Two-Door Car,256.268091
ZS88847,Oregon,F,Bachelor,238760.61,,62.0,,Personal Auto,Four-Door Car,297.6
RU49126,Washington,F,College,446533.57,,112.0,,Personal Auto,SUV,215.8182
KR62797,Arizona,F,High School or Below,459162.59,,113.0,,Personal Auto,SUV,542.4
ZJ73220,Arizona,F,College,1309258.58,,188.0,,Special Auto,Luxury,1353.6
FY62633,Oregon,M,Bachelor,911226.66,,90.0,,Personal Auto,Four-Door Car,432.0
CU36986,California,F,High School or Below,416516.66,,104.0,,Personal Auto,Four-Door Car,499.2
WZ53904,Arizona,M,Bachelor,265998.06,,71.0,,Personal Auto,Four-Door Car,45.507952
AA71604,Arizona,F,Master,1198659.21,,98.0,,Personal Auto,Two-Door Car,470.4
TD10493,Oregon,F,High School or Below,289873.27,,96.0,,Personal Auto,Four-Door Car,691.2
LY97989,Oregon,F,Bachelor,289424.39,,85.0,,Personal Auto,Four-Door Car,408.0
VX39856,Arizona,F,Doctor,350045.44,,86.0,,Personal Auto,Four-Door Car,82.409922
TP51897,California,F,College,262180.86,,68.0,,Corporate Auto,Four-Door Car,357.642982
QQ89253,Oregon,F,College,1022180.5,,134.0,,Personal Auto,SUV,643.2
EI91403,California,M,High School or Below,257827.1,,65.0,,Personal Auto,Two-Door Car,420.35698
QG15435,Arizona,F,College,624259.57,,78.0,,Personal Auto,Four-Door Car,136.787725
FZ55002,Nevada,F,Doctor,522028.1,,69.0,,Personal Auto,Four-Door Car,331.2
HX77930,Washington,F,College,313643.21,,79.0,,Personal Auto,Four-Door Car,220.186677
UN37063,Arizona,M,Bachelor,452536.58,,65.0,,Personal Auto,Two-Door Car,170.798204
VB87946,California,M,College,497035.73,,63.0,,Personal Auto,Four-Door Car,266.165535
AB60627,California,M,High School or Below,1546778.9,,129.0,,Corporate Auto,SUV,98.921782
TA34903,Oregon,M,High School or Below,583889.92,,73.0,,Personal Auto,Four-Door Car,281.295903
AQ51368,Oregon,F,Bachelor,1065688.2,,88.0,,Corporate Auto,Two-Door Car,631.743039
NZ26102,Oregon,F,High School or Below,228961.87,,65.0,,Personal Auto,Four-Door Car,468.0
GB45753,California,M,High School or Below,543980.42,,68.0,,Corporate Auto,Two-Door Car,29.209521
BV79904,California,F,Master,795615.01,,67.0,,Personal Auto,Two-Door Car,136.883999
OB49075,Arizona,M,Bachelor,445811.34,,65.0,,Personal Auto,Four-Door Car,312.0
DS97676,Oregon,F,College,255505.15,,72.0,,Personal Auto,Four-Door Car,518.4
JO63462,California,M,Bachelor,330799.9,,84.0,,Corporate Auto,Two-Door Car,31.755601
NJ10602,Washington,F,College,845905.32,,70.0,,Personal Auto,Two-Door Car,224.27582
RS24501,Oregon,F,College,1335012.09,,173.0,,Personal Auto,SUV,830.4
VT78274,Arizona,M,College,493122.13,,68.0,,Personal Auto,Four-Door Car,480.159011
SU56153,Nevada,M,Bachelor,777683.52,,65.0,,Corporate Auto,Two-Door Car,390.792553
MN20737,Nevada,F,College,255367.22,,64.0,,Corporate Auto,Four-Door Car,72.071195
KL43114,Arizona,F,High School or Below,487646.97,,66.0,,Corporate Auto,Two-Door Car,316.8
YQ15567,Oregon,F,Bachelor,903430.58,,115.0,,Personal Auto,SUV,552.0
TR88637,Arizona,F,High School or Below,810591.08,,103.0,,Personal Auto,SUV,41.965252
TC88986,Oregon,M,High School or Below,561968.91,,153.0,,Special Auto,SUV,1027.000029
XX88577,California,M,Bachelor,1572713.06,,196.0,,Corporate Auto,SUV,319.820747
NE49052,California,F,High School or Below,661801.64,,86.0,,Corporate Auto,Four-Door Car,411.011162
KX17826,Oregon,M,Doctor,467004.8,,125.0,,Corporate Auto,SUV,600.0
CC91503,Arizona,F,High School or Below,1016936.98,,135.0,,Personal Auto,Luxury,648.0
WH32183,California,M,Bachelor,832307.4,,70.0,,Personal Auto,Four-Door Car,4.110585
ES90681,California,F,College,241776.0,,61.0,,Personal Auto,Four-Door Car,351.149904
DW96592,California,M,Bachelor,804487.24,,67.0,,Personal Auto,Four-Door Car,284.000172
MT23134,Oregon,M,High School or Below,532572.45,,73.0,,Personal Auto,Two-Door Car,496.474767
BM69081,Arizona,M,Bachelor,694752.4,,100.0,,Personal Auto,SUV,925.137143
MB90871,Oregon,F,College,584741.52,,77.0,,Special Auto,Four-Door Car,13.164097
GT62080,Washington,M,High School or Below,,,63.0,,Personal Auto,Four-Door Car,227.872071
QL77686,Nevada,F,College,472478.61,,119.0,,Corporate Auto,SUV,463.335061
ON77827,Arizona,F,Master,279022.8,,71.0,,Personal Auto,Four-Door Car,180.667969
KP18988,Oregon,F,High School or Below,2153133.28,,101.0,,Personal Auto,Four-Door Car,484.8
TI92884,Arizona,M,Bachelor,1262283.27,,106.0,,Personal Auto,Luxury,508.8
JH73503,Arizona,M,Doctor,2017196.15,,73.0,,Personal Auto,Two-Door Car,350.4
YE97964,California,F,Bachelor,1646436.59,,104.0,,Personal Auto,SUV,302.764283
VA30351,Oregon,F,High School or Below,559538.99,,71.0,,Personal Auto,Four-Door Car,340.8
PV55726,Oregon,F,Master,417068.73,,107.0,,Personal Auto,SUV,513.6
UC88305,Arizona,F,College,266544.71,,68.0,,Corporate Auto,Two-Door Car,141.922839
TS53809,Oregon,M,Bachelor,709891.41,,70.0,,Personal Auto,Two-Door Car,349.783046
ZV32120,California,M,Doctor,397134.51,,103.0,,Corporate Auto,SUV,494.4
FB80807,Oregon,M,Bachelor,552821.28,,72.0,,Personal Auto,Four-Door Car,345.6
AS55677,California,F,High School or Below,833899.58,,104.0,,Personal Auto,Four-Door Car,54.065538
WA15684,Oregon,M,College,3844585.59,,125.0,,Personal Auto,SUV,600.0
SA50567,Nevada,M,Bachelor,544855.52,,68.0,,Personal Auto,Four-Door Car,342.515136
KJ31611,Arizona,M,High School or Below,1080806.6,,92.0,,Personal Auto,Four-Door Car,441.6
VL37375,California,M,Bachelor,618509.65,,92.0,,Personal Auto,Two-Door Car,1027.177255
KN21017,Nevada,M,High School or Below,320822.59,,81.0,,Personal Auto,Four-Door Car,275.989978
PX44289,Arizona,M,College,548010.41,,71.0,,Personal Auto,Four-Door Car,472.599683
AM97901,Nevada,F,College,2298615.39,,192.0,,Special Auto,Luxury,1336.931716
RE42925,Oregon,M,Bachelor,1310792.59,,114.0,,Corporate Auto,SUV,547.2
TR81766,California,F,College,746292.63,,93.0,,Corporate Auto,Two-Door Car,7.345946
CH85057,Oregon,F,Doctor,1146399.1,,285.0,,Personal Auto,Luxury,540.141566
UP71482,Arizona,M,High School or Below,723613.25,,63.0,,Personal Auto,Four-Door Car,383.363758
EG40670,California,F,Bachelor,623268.79,,83.0,,Special Auto,Four-Door Car,537.765151
HV83672,Oregon,F,Bachelor,2839332.99,,90.0,,Personal Auto,Four-Door Car,321.873474
MG10140,Oregon,F,College,374675.16,,94.0,,Personal Auto,Two-Door Car,19.575683
TC44716,California,M,Bachelor,2156933.73,,119.0,,Personal Auto,SUV,571.2
QO65264,California,M,College,501208.37,,63.0,,Personal Auto,Two-Door Car,108.138715
EB66698,California,M,High School or Below,337185.84,,85.0,,Corporate Auto,Two-Door Car,408.0
OT52034,California,M,Bachelor,386477.68,,99.0,,Personal Auto,Four-Door Car,707.303416
CH85444,Oregon,M,College,414571.19,,110.0,,Corporate Auto,Two-Door Car,1067.333126
PU85769,California,M,High School or Below,515607.27,,73.0,,Personal Auto,Four-Door Car,807.947292
UI73201,California,M,College,366737.5,,92.0,,Personal Auto,Two-Door Car,618.630955
SL50592,California,F,High School or Below,783568.35,,71.0,,Corporate Auto,Four-Door Car,404.272806
XP11075,Arizona,M,Bachelor,1456726.84,,148.0,,Personal Auto,SUV,710.4
SI31236,Oregon,M,Bachelor,1017133.9,,65.0,,Corporate Auto,Four-Door Car,312.0
JN26745,Nevada,F,Bachelor,413577.52,,112.0,,Special Auto,Four-Door Car,707.977614
VK48036,Oregon,F,College,551149.11,,70.0,,Corporate Auto,Four-Door Car,336.0
JX76668,Washington,F,High School or Below,1131424.39,,141.0,,Personal Auto,Luxury,232.242326
DS45802,California,F,High School or Below,541461.73,,68.0,,Personal Auto,Four-Door Car,68.226001
OA96690,Oregon,F,High School or Below,742159.35,,94.0,,Personal Auto,Four-Door Car,287.149807
EM27919,California,M,Bachelor,445811.34,,65.0,,Personal Auto,Four-Door Car,312.0
QO41043,Oregon,F,College,1447612.49,,124.0,,Corporate Auto,SUV,595.2
OV50124,Oregon,F,College,493688.84,,72.0,,Personal Auto,Two-Door Car,391.636628
PR31642,Oregon,F,Bachelor,452527.65,,114.0,,Personal Auto,SUV,547.2
BU41599,Washington,F,Master,558176.13,,70.0,,Personal Auto,Two-Door Car,239.328571
TK30357,California,F,Bachelor,1413434.74,,118.0,,Personal Auto,SUV,232.674417
NF31087,Nevada,F,High School or Below,2472318.31,,69.0,,Personal Auto,Four-Door Car,331.2
NH16984,California,F,Bachelor,283806.78,,80.0,,Personal Auto,Four-Door Car,336.50961
OS75493,California,F,High School or Below,384848.36,,98.0,,Corporate Auto,Four-Door Car,470.4
VT63298,Oregon,M,Bachelor,1950447.39,,72.0,,Personal Auto,Four-Door Car,345.6
QS75550,Washington,F,Bachelor,248004.59,,62.0,,Corporate Auto,Two-Door Car,244.212286
SZ16483,Arizona,F,High School or Below,436137.29,,109.0,,Personal Auto,Four-Door Car,523.2
VM92311,Arizona,F,High School or Below,252907.75,,64.0,,Personal Auto,Four-Door Car,328.870868
NJ46849,Arizona,M,College,250444.48,,69.0,,Personal Auto,Four-Door Car,496.8
WZ31900,Oregon,F,Bachelor,864970.06,,107.0,,Corporate Auto,SUV,85.063708
RG30482,Oregon,F,College,1366835.53,,197.0,,Personal Auto,SUV,1418.4
ZM86949,Oregon,F,High School or Below,2063508.46,,64.0,,Personal Auto,Two-Door Car,334.408717
QQ39596,Arizona,F,College,251753.36,,69.0,,Personal Auto,Four-Door Car,42.096415
FH51383,California,F,High School or Below,532667.77,,66.0,,Personal Auto,Two-Door Car,300.528579
BJ53923,Arizona,M,High School or Below,260027.21,,66.0,,Corporate Auto,Four-Door Car,144.782152
CZ96653,Oregon,F,Bachelor,853479.28,,107.0,,Personal Auto,SUV,64.598216
FB23788,Oregon,M,High School or Below,882883.5,,111.0,,Corporate Auto,SUV,532.8
NT43594,Nevada,F,Bachelor,224844.96,,63.0,,Personal Auto,Four-Door Car,347.857619
RJ85627,Washington,F,Bachelor,1230276.24,,62.0,,Personal Auto,Four-Door Car,245.447622
KJ86296,Oregon,M,High School or Below,455659.3,,73.0,,Personal Auto,Four-Door Car,525.6
PI47776,Oregon,F,Bachelor,253070.51,,63.0,,Corporate Auto,Four-Door Car,61.769564
MD73554,California,M,College,525198.4,,66.0,,Personal Auto,Two-Door Car,316.8
UX92071,Oregon,M,High School or Below,674311.93,,199.0,,Personal Auto,Luxury,955.2
YG44474,Oregon,M,College,1401472.13,,117.0,,Corporate Auto,SUV,720.752945
UH45301,Oregon,M,College,943891.56,,118.0,,Personal Auto,Four-Door Car,340.656963
RY92647,California,F,Bachelor,1050677.17,,92.0,,Personal Auto,Four-Door Car,546.524896
IK12620,Arizona,F,High School or Below,421391.86,,109.0,,Personal Auto,Four-Door Car,489.411833
GQ66762,California,M,College,477368.64,,63.0,,Personal Auto,Four-Door Car,171.325856
YT69858,Washington,F,Bachelor,544142.01,,67.0,,Personal Auto,Two-Door Car,249.085887
XD85577,California,M,Bachelor,284226.69,,73.0,,Personal Auto,Four-Door Car,30.874869
TM65736,Oregon,M,Master,305955.03,,78.0,,Personal Auto,Four-Door Car,361.455219
VJ51327,California,F,High School or Below,2031499.76,,102.0,,Personal Auto,SUV,207.320041
GS98873,Arizona,F,Bachelor,323912.47,,88.0,,Personal Auto,Four-Door Car,633.6
CW49887,California,F,Master,462680.11,,114.0,,Special Auto,SUV,547.2
MY31220,California,F,College,899704.02,,112.0,,Personal Auto,Two-Door Car,537.6
,,F,,,,,,,,
